--
-- PostgreSQL database dump
--

-- Dumped from database version 16.3 (Debian 16.3-1.pgdg120+1)
-- Dumped by pg_dump version 16.3 (Homebrew)

SET statement_timeout = 0;
SET lock_timeout = 0;
SET idle_in_transaction_session_timeout = 0;
SET client_encoding = 'UTF8';
SET standard_conforming_strings = on;
SELECT pg_catalog.set_config('search_path', '', false);
SET check_function_bodies = false;
SET xmloption = content;
SET client_min_messages = warning;
SET row_security = off;

SET default_tablespace = '';

SET default_table_access_method = heap;

--
-- Name: account_customuser; Type: TABLE; Schema: public; Owner: postgres
--

CREATE TABLE public.account_customuser (
    is_superuser boolean NOT NULL,
    "user" uuid NOT NULL,
    nfc_uid character varying(50),
    username character varying(100) NOT NULL,
    password character varying(100) NOT NULL,
    phone_number character varying(15) NOT NULL,
    email character varying(254) NOT NULL,
    address character varying(255) NOT NULL,
    detail_address character varying(255) NOT NULL,
    nickname character varying(100) NOT NULL,
    user_image character varying(100),
    birth date NOT NULL,
    usertype integer NOT NULL,
    gender character varying(1) NOT NULL,
    date_joined timestamp with time zone NOT NULL,
    last_login timestamp with time zone,
    id integer NOT NULL
);


ALTER TABLE public.account_customuser OWNER TO postgres;

--
-- Name: account_customuser_groups; Type: TABLE; Schema: public; Owner: postgres
--

CREATE TABLE public.account_customuser_groups (
    id bigint NOT NULL,
    customuser_id uuid NOT NULL,
    group_id integer NOT NULL
);


ALTER TABLE public.account_customuser_groups OWNER TO postgres;

--
-- Name: account_customuser_groups_id_seq; Type: SEQUENCE; Schema: public; Owner: postgres
--

ALTER TABLE public.account_customuser_groups ALTER COLUMN id ADD GENERATED BY DEFAULT AS IDENTITY (
    SEQUENCE NAME public.account_customuser_groups_id_seq
    START WITH 1
    INCREMENT BY 1
    NO MINVALUE
    NO MAXVALUE
    CACHE 1
);


--
-- Name: account_customuser_id_seq; Type: SEQUENCE; Schema: public; Owner: postgres
--

CREATE SEQUENCE public.account_customuser_id_seq
    AS integer
    START WITH 1
    INCREMENT BY 1
    NO MINVALUE
    NO MAXVALUE
    CACHE 1;


ALTER SEQUENCE public.account_customuser_id_seq OWNER TO postgres;

--
-- Name: account_customuser_id_seq; Type: SEQUENCE OWNED BY; Schema: public; Owner: postgres
--

ALTER SEQUENCE public.account_customuser_id_seq OWNED BY public.account_customuser.id;


--
-- Name: account_customuser_user_permissions; Type: TABLE; Schema: public; Owner: postgres
--

CREATE TABLE public.account_customuser_user_permissions (
    id bigint NOT NULL,
    customuser_id uuid NOT NULL,
    permission_id integer NOT NULL
);


ALTER TABLE public.account_customuser_user_permissions OWNER TO postgres;

--
-- Name: account_customuser_user_permissions_id_seq; Type: SEQUENCE; Schema: public; Owner: postgres
--

ALTER TABLE public.account_customuser_user_permissions ALTER COLUMN id ADD GENERATED BY DEFAULT AS IDENTITY (
    SEQUENCE NAME public.account_customuser_user_permissions_id_seq
    START WITH 1
    INCREMENT BY 1
    NO MINVALUE
    NO MAXVALUE
    CACHE 1
);


--
-- Name: auth_group; Type: TABLE; Schema: public; Owner: postgres
--

CREATE TABLE public.auth_group (
    id integer NOT NULL,
    name character varying(150) NOT NULL
);


ALTER TABLE public.auth_group OWNER TO postgres;

--
-- Name: auth_group_id_seq; Type: SEQUENCE; Schema: public; Owner: postgres
--

ALTER TABLE public.auth_group ALTER COLUMN id ADD GENERATED BY DEFAULT AS IDENTITY (
    SEQUENCE NAME public.auth_group_id_seq
    START WITH 1
    INCREMENT BY 1
    NO MINVALUE
    NO MAXVALUE
    CACHE 1
);


--
-- Name: auth_group_permissions; Type: TABLE; Schema: public; Owner: postgres
--

CREATE TABLE public.auth_group_permissions (
    id bigint NOT NULL,
    group_id integer NOT NULL,
    permission_id integer NOT NULL
);


ALTER TABLE public.auth_group_permissions OWNER TO postgres;

--
-- Name: auth_group_permissions_id_seq; Type: SEQUENCE; Schema: public; Owner: postgres
--

ALTER TABLE public.auth_group_permissions ALTER COLUMN id ADD GENERATED BY DEFAULT AS IDENTITY (
    SEQUENCE NAME public.auth_group_permissions_id_seq
    START WITH 1
    INCREMENT BY 1
    NO MINVALUE
    NO MAXVALUE
    CACHE 1
);


--
-- Name: auth_permission; Type: TABLE; Schema: public; Owner: postgres
--

CREATE TABLE public.auth_permission (
    id integer NOT NULL,
    name character varying(255) NOT NULL,
    content_type_id integer NOT NULL,
    codename character varying(100) NOT NULL
);


ALTER TABLE public.auth_permission OWNER TO postgres;

--
-- Name: auth_permission_id_seq; Type: SEQUENCE; Schema: public; Owner: postgres
--

ALTER TABLE public.auth_permission ALTER COLUMN id ADD GENERATED BY DEFAULT AS IDENTITY (
    SEQUENCE NAME public.auth_permission_id_seq
    START WITH 1
    INCREMENT BY 1
    NO MINVALUE
    NO MAXVALUE
    CACHE 1
);


--
-- Name: chat_chatroom; Type: TABLE; Schema: public; Owner: postgres
--

CREATE TABLE public.chat_chatroom (
    chatroom_id integer NOT NULL,
    chatroom_name character varying(255),
    created_at timestamp with time zone NOT NULL,
    updated_at timestamp with time zone NOT NULL,
    user1_id uuid NOT NULL,
    user2_id uuid NOT NULL
);


ALTER TABLE public.chat_chatroom OWNER TO postgres;

--
-- Name: chat_chatroom_chatroom_id_seq; Type: SEQUENCE; Schema: public; Owner: postgres
--

ALTER TABLE public.chat_chatroom ALTER COLUMN chatroom_id ADD GENERATED BY DEFAULT AS IDENTITY (
    SEQUENCE NAME public.chat_chatroom_chatroom_id_seq
    START WITH 1
    INCREMENT BY 1
    NO MINVALUE
    NO MAXVALUE
    CACHE 1
);


--
-- Name: chat_message; Type: TABLE; Schema: public; Owner: postgres
--

CREATE TABLE public.chat_message (
    message_id integer NOT NULL,
    content text NOT NULL,
    created_at timestamp with time zone NOT NULL,
    is_read boolean NOT NULL,
    chatroom_id integer NOT NULL,
    sender_id uuid NOT NULL
);


ALTER TABLE public.chat_message OWNER TO postgres;

--
-- Name: chat_message_message_id_seq; Type: SEQUENCE; Schema: public; Owner: postgres
--

ALTER TABLE public.chat_message ALTER COLUMN message_id ADD GENERATED BY DEFAULT AS IDENTITY (
    SEQUENCE NAME public.chat_message_message_id_seq
    START WITH 1
    INCREMENT BY 1
    NO MINVALUE
    NO MAXVALUE
    CACHE 1
);


--
-- Name: dataanalysis_dataanalysis; Type: TABLE; Schema: public; Owner: postgres
--

CREATE TABLE public.dataanalysis_dataanalysis (
    analysis_id integer NOT NULL,
    equipment_use_time timestamp with time zone NOT NULL,
    fields character varying(100),
    equipment_id integer NOT NULL,
    member_id integer NOT NULL,
    user_id uuid NOT NULL
);


ALTER TABLE public.dataanalysis_dataanalysis OWNER TO postgres;

--
-- Name: dataanalysis_dataanalysis_analysis_id_seq; Type: SEQUENCE; Schema: public; Owner: postgres
--

ALTER TABLE public.dataanalysis_dataanalysis ALTER COLUMN analysis_id ADD GENERATED BY DEFAULT AS IDENTITY (
    SEQUENCE NAME public.dataanalysis_dataanalysis_analysis_id_seq
    START WITH 1
    INCREMENT BY 1
    NO MINVALUE
    NO MAXVALUE
    CACHE 1
);


--
-- Name: django_admin_log; Type: TABLE; Schema: public; Owner: postgres
--

CREATE TABLE public.django_admin_log (
    id integer NOT NULL,
    action_time timestamp with time zone NOT NULL,
    object_id text,
    object_repr character varying(200) NOT NULL,
    action_flag smallint NOT NULL,
    change_message text NOT NULL,
    content_type_id integer,
    user_id uuid NOT NULL,
    CONSTRAINT django_admin_log_action_flag_check CHECK ((action_flag >= 0))
);


ALTER TABLE public.django_admin_log OWNER TO postgres;

--
-- Name: django_admin_log_id_seq; Type: SEQUENCE; Schema: public; Owner: postgres
--

ALTER TABLE public.django_admin_log ALTER COLUMN id ADD GENERATED BY DEFAULT AS IDENTITY (
    SEQUENCE NAME public.django_admin_log_id_seq
    START WITH 1
    INCREMENT BY 1
    NO MINVALUE
    NO MAXVALUE
    CACHE 1
);


--
-- Name: django_content_type; Type: TABLE; Schema: public; Owner: postgres
--

CREATE TABLE public.django_content_type (
    id integer NOT NULL,
    app_label character varying(100) NOT NULL,
    model character varying(100) NOT NULL
);


ALTER TABLE public.django_content_type OWNER TO postgres;

--
-- Name: django_content_type_id_seq; Type: SEQUENCE; Schema: public; Owner: postgres
--

ALTER TABLE public.django_content_type ALTER COLUMN id ADD GENERATED BY DEFAULT AS IDENTITY (
    SEQUENCE NAME public.django_content_type_id_seq
    START WITH 1
    INCREMENT BY 1
    NO MINVALUE
    NO MAXVALUE
    CACHE 1
);


--
-- Name: django_migrations; Type: TABLE; Schema: public; Owner: postgres
--

CREATE TABLE public.django_migrations (
    id bigint NOT NULL,
    app character varying(255) NOT NULL,
    name character varying(255) NOT NULL,
    applied timestamp with time zone NOT NULL
);


ALTER TABLE public.django_migrations OWNER TO postgres;

--
-- Name: django_migrations_id_seq; Type: SEQUENCE; Schema: public; Owner: postgres
--

ALTER TABLE public.django_migrations ALTER COLUMN id ADD GENERATED BY DEFAULT AS IDENTITY (
    SEQUENCE NAME public.django_migrations_id_seq
    START WITH 1
    INCREMENT BY 1
    NO MINVALUE
    NO MAXVALUE
    CACHE 1
);


--
-- Name: django_session; Type: TABLE; Schema: public; Owner: postgres
--

CREATE TABLE public.django_session (
    session_key character varying(40) NOT NULL,
    session_data text NOT NULL,
    expire_date timestamp with time zone NOT NULL
);


ALTER TABLE public.django_session OWNER TO postgres;

--
-- Name: equipment_equipment; Type: TABLE; Schema: public; Owner: postgres
--

CREATE TABLE public.equipment_equipment (
    equipment_id integer NOT NULL,
    equipment_name character varying(50) NOT NULL,
    user_id uuid
);


ALTER TABLE public.equipment_equipment OWNER TO postgres;

--
-- Name: equipment_equipment_equipment_id_seq; Type: SEQUENCE; Schema: public; Owner: postgres
--

ALTER TABLE public.equipment_equipment ALTER COLUMN equipment_id ADD GENERATED BY DEFAULT AS IDENTITY (
    SEQUENCE NAME public.equipment_equipment_equipment_id_seq
    START WITH 1
    INCREMENT BY 1
    NO MINVALUE
    NO MAXVALUE
    CACHE 1
);


--
-- Name: equipment_equipmentinuse; Type: TABLE; Schema: public; Owner: postgres
--

CREATE TABLE public.equipment_equipmentinuse (
    use_equip_id integer NOT NULL,
    start_time timestamp with time zone,
    end_time timestamp with time zone,
    equipment_id integer NOT NULL,
    user_id uuid NOT NULL
);


ALTER TABLE public.equipment_equipmentinuse OWNER TO postgres;

--
-- Name: equipment_equipmentinuse_use_equip_id_seq; Type: SEQUENCE; Schema: public; Owner: postgres
--

ALTER TABLE public.equipment_equipmentinuse ALTER COLUMN use_equip_id ADD GENERATED BY DEFAULT AS IDENTITY (
    SEQUENCE NAME public.equipment_equipmentinuse_use_equip_id_seq
    START WITH 1
    INCREMENT BY 1
    NO MINVALUE
    NO MAXVALUE
    CACHE 1
);


--
-- Name: equipment_equipmentreservation; Type: TABLE; Schema: public; Owner: postgres
--

CREATE TABLE public.equipment_equipmentreservation (
    res_id integer NOT NULL,
    start_time timestamp with time zone,
    end_time timestamp with time zone,
    equipment_id integer NOT NULL
);


ALTER TABLE public.equipment_equipmentreservation OWNER TO postgres;

--
-- Name: equipment_equipmentreservation_res_id_seq; Type: SEQUENCE; Schema: public; Owner: postgres
--

ALTER TABLE public.equipment_equipmentreservation ALTER COLUMN res_id ADD GENERATED BY DEFAULT AS IDENTITY (
    SEQUENCE NAME public.equipment_equipmentreservation_res_id_seq
    START WITH 1
    INCREMENT BY 1
    NO MINVALUE
    NO MAXVALUE
    CACHE 1
);


--
-- Name: gyms_gym; Type: TABLE; Schema: public; Owner: postgres
--

CREATE TABLE public.gyms_gym (
    gym_id integer NOT NULL,
    gym_name character varying(100) NOT NULL,
    gym_address character varying(255) NOT NULL,
    owner_id integer NOT NULL
);


ALTER TABLE public.gyms_gym OWNER TO postgres;

--
-- Name: gyms_gym_gym_id_seq; Type: SEQUENCE; Schema: public; Owner: postgres
--

ALTER TABLE public.gyms_gym ALTER COLUMN gym_id ADD GENERATED BY DEFAULT AS IDENTITY (
    SEQUENCE NAME public.gyms_gym_gym_id_seq
    START WITH 1
    INCREMENT BY 1
    NO MINVALUE
    NO MAXVALUE
    CACHE 1
);


--
-- Name: gyms_gymmember; Type: TABLE; Schema: public; Owner: postgres
--

CREATE TABLE public.gyms_gymmember (
    member_id integer NOT NULL,
    join_date date NOT NULL,
    membership_type character varying(100) NOT NULL,
    expiry_date date NOT NULL,
    recent_joined_date date NOT NULL,
    recent_membership character varying(100) NOT NULL,
    recent_expiry date NOT NULL,
    renewal_status boolean NOT NULL,
    renewal_count integer NOT NULL,
    gym_id integer NOT NULL,
    user_id uuid NOT NULL
);


ALTER TABLE public.gyms_gymmember OWNER TO postgres;

--
-- Name: gyms_gymmember_member_id_seq; Type: SEQUENCE; Schema: public; Owner: postgres
--

ALTER TABLE public.gyms_gymmember ALTER COLUMN member_id ADD GENERATED BY DEFAULT AS IDENTITY (
    SEQUENCE NAME public.gyms_gymmember_member_id_seq
    START WITH 1
    INCREMENT BY 1
    NO MINVALUE
    NO MAXVALUE
    CACHE 1
);


--
-- Name: gyms_owner; Type: TABLE; Schema: public; Owner: postgres
--

CREATE TABLE public.gyms_owner (
    owner_id integer NOT NULL,
    owner_name character varying(100) NOT NULL
);


ALTER TABLE public.gyms_owner OWNER TO postgres;

--
-- Name: gyms_owner_owner_id_seq; Type: SEQUENCE; Schema: public; Owner: postgres
--

ALTER TABLE public.gyms_owner ALTER COLUMN owner_id ADD GENERATED BY DEFAULT AS IDENTITY (
    SEQUENCE NAME public.gyms_owner_owner_id_seq
    START WITH 1
    INCREMENT BY 1
    NO MINVALUE
    NO MAXVALUE
    CACHE 1
);


--
-- Name: gyms_personalinfo; Type: TABLE; Schema: public; Owner: postgres
--

CREATE TABLE public.gyms_personalinfo (
    personal_if integer NOT NULL,
    height double precision NOT NULL,
    weight double precision NOT NULL,
    medical_conditions text NOT NULL,
    medications text NOT NULL,
    frequency integer NOT NULL,
    types character varying(255) NOT NULL,
    intensity character varying(50) NOT NULL,
    goals character varying(255) NOT NULL,
    diet_habits text NOT NULL,
    sleep_pattern character varying(50) NOT NULL,
    stress_level character varying(50) NOT NULL,
    smoking boolean NOT NULL,
    smoking_amount integer,
    drinking boolean NOT NULL,
    drinking_amount integer,
    body_fat_percentage double precision NOT NULL,
    muscle_mass double precision NOT NULL,
    basal_metabolic_rate double precision NOT NULL,
    bmi double precision NOT NULL,
    short_term_goals text NOT NULL,
    long_term_goals text NOT NULL,
    preferred_exercise_types character varying(255) NOT NULL,
    available_times character varying(255) NOT NULL,
    gym_member_if_id integer NOT NULL
);


ALTER TABLE public.gyms_personalinfo OWNER TO postgres;

--
-- Name: gyms_personalinfo_personal_if_seq; Type: SEQUENCE; Schema: public; Owner: postgres
--

ALTER TABLE public.gyms_personalinfo ALTER COLUMN personal_if ADD GENERATED BY DEFAULT AS IDENTITY (
    SEQUENCE NAME public.gyms_personalinfo_personal_if_seq
    START WITH 1
    INCREMENT BY 1
    NO MINVALUE
    NO MAXVALUE
    CACHE 1
);


--
-- Name: gyms_pt; Type: TABLE; Schema: public; Owner: postgres
--

CREATE TABLE public.gyms_pt (
    pt_id integer NOT NULL,
    member_name character varying(100) NOT NULL,
    registration_date date NOT NULL,
    pt_end_date date NOT NULL,
    duration integer NOT NULL,
    member_id integer NOT NULL,
    trainer_id integer NOT NULL
);


ALTER TABLE public.gyms_pt OWNER TO postgres;

--
-- Name: gyms_pt_pt_id_seq; Type: SEQUENCE; Schema: public; Owner: postgres
--

ALTER TABLE public.gyms_pt ALTER COLUMN pt_id ADD GENERATED BY DEFAULT AS IDENTITY (
    SEQUENCE NAME public.gyms_pt_pt_id_seq
    START WITH 1
    INCREMENT BY 1
    NO MINVALUE
    NO MAXVALUE
    CACHE 1
);


--
-- Name: gyms_trainer; Type: TABLE; Schema: public; Owner: postgres
--

CREATE TABLE public.gyms_trainer (
    trainer_id integer NOT NULL,
    trainer_name character varying(100) NOT NULL,
    certificate character varying(100),
    trainer_image character varying(100),
    gym_id integer NOT NULL,
    owner_id integer NOT NULL
);


ALTER TABLE public.gyms_trainer OWNER TO postgres;

--
-- Name: gyms_trainer_trainer_id_seq; Type: SEQUENCE; Schema: public; Owner: postgres
--

ALTER TABLE public.gyms_trainer ALTER COLUMN trainer_id ADD GENERATED BY DEFAULT AS IDENTITY (
    SEQUENCE NAME public.gyms_trainer_trainer_id_seq
    START WITH 1
    INCREMENT BY 1
    NO MINVALUE
    NO MAXVALUE
    CACHE 1
);


--
-- Name: visitlogs_visitlog; Type: TABLE; Schema: public; Owner: postgres
--

CREATE TABLE public.visitlogs_visitlog (
    visitlog_id integer NOT NULL,
    nfc_uid character varying(30),
    enter_time timestamp with time zone NOT NULL,
    exit_time timestamp with time zone,
    fields character varying(100),
    member_id integer NOT NULL
);


ALTER TABLE public.visitlogs_visitlog OWNER TO postgres;

--
-- Name: visitlogs_visitlog_visitlog_id_seq; Type: SEQUENCE; Schema: public; Owner: postgres
--

ALTER TABLE public.visitlogs_visitlog ALTER COLUMN visitlog_id ADD GENERATED BY DEFAULT AS IDENTITY (
    SEQUENCE NAME public.visitlogs_visitlog_visitlog_id_seq
    START WITH 1
    INCREMENT BY 1
    NO MINVALUE
    NO MAXVALUE
    CACHE 1
);


--
-- Name: account_customuser id; Type: DEFAULT; Schema: public; Owner: postgres
--

ALTER TABLE ONLY public.account_customuser ALTER COLUMN id SET DEFAULT nextval('public.account_customuser_id_seq'::regclass);


--
-- Data for Name: account_customuser; Type: TABLE DATA; Schema: public; Owner: postgres
--

COPY public.account_customuser (is_superuser, "user", nfc_uid, username, password, phone_number, email, address, detail_address, nickname, user_image, birth, usertype, gender, date_joined, last_login, id) FROM stdin;
f	d0ce9751-dc8d-4f77-a56d-57a2c52ee956	\N	37777	pbkdf2_sha256$720000$huuF89AQe4vfwkzfwcVMYi$CnZ8uvKr8ImBOFaTPf3cmeVat7kQXQOcruXRfKEkGyc=	010-3333-3377	5@example.com	1216	126126	12	static/default.png	2024-12-12	2	0	2024-07-10 02:42:51.201412+00	\N	1
f	94797e81-01bb-4719-a625-5f4890199897	\N	1616	pbkdf2_sha256$720000$WnDxQD9PogXVd9ipLjOSeC$JZ6MFqO3J7TpkBrOQ8j59Pjqe/xJIPTM7h+ZWRf9US8=	010-7777-7777	6@example.com	61261	6126126	1616	default.png	2024-12-12	2	1	2024-07-10 02:48:02.783849+00	\N	2
f	7e372dd1-5dce-4d02-9871-c7981543d503	acc72416-4e82-4b40-b89d-abb43c73b4aa	user_1	pbkdf2_sha256$720000$t9F10FXgTohprx7fG9XR8w$zY1iHiI6Y1FYSMXvkldvkmbnbL+pjZJYrG35c6lGd20=	773-621-6743	user_1@example.com	5455 Mitchell Junction\nCervantesberg, MS 98154	Apt. 832	nickname_1	False	1946-11-27	0	1	2024-07-09 08:56:47.440542+00	2024-07-09 08:56:47.440542+00	3
t	370aa232-6502-4058-88f7-d6e5e5292959	\N	125126	pbkdf2_sha256$720000$8B0Y5mjzWNOARowQHzveIG$heBIE4Q5YVQ5qJ8DUH4E2Lblsq/ifIawoDCeduiiIi8=	010-3333-3333	4@example.com	125125	125125	13	static/default.png	2024-12-12	2	0	2024-07-10 02:09:30.477878+00	\N	4
f	1e2cd5e0-ba41-4920-8d15-d67a9d845db4	\N	727	pbkdf2_sha256$720000$S4deOvCXXpEk7Yi4equrEX$4qBY3ZrSBfPy1wYfmT/eRjSBHCm0t9U6RNqHcLaBZLA=	010-8888-8888	7@example.com	126126	61261	126	default.png	2024-12-12	2	1	2024-07-10 02:49:58.024053+00	\N	5
f	81aacf55-c416-4608-9003-a856323c4c9b	c1c22cbf-a8f4-405c-8ab7-b3563d617187	user_6	pbkdf2_sha256$720000$h4jnKGCZGPTIDY6xPlGJsv$C5YXd8tbCE0N5t6fmdGB0MMNxCIiSK6oUStOyhUtS5c=	010-1234-5678	user_6@example.com	637 Jacobson Fork\nNorth Allison, KS 30675	Apt. 174	nickname_6	False	1951-01-12	2	1	2024-07-10 05:50:55.121479+00	2024-07-10 05:50:55.121479+00	6
f	94657a21-def2-431d-af76-8ded30b8566f	002ed1c3-e174-439f-b498-8eb6e13a81bd	user_100	pbkdf2_sha256$720000$rzvsqNOy4K3KXmZBCjGDLl$WDurenDxczWtwHzbRR3jUc7i8+xsDR9C8/wrrVZEF+Y=	15511	user_100@example.com	07331 Christy Mews\nWest William, AZ 32949	Apt. 265	nickname_100	False	1999-02-04	1	0	2024-07-10 05:53:34.07663+00	2024-07-10 05:53:34.07663+00	7
f	cf75946f-9648-4f66-a85b-b3c86ac91df7	885bd8e6-998c-46c0-bacc-3212bb0aab02	user_101	pbkdf2_sha256$720000$cwkW4i4zlvGCKSf8ijNmwn$avB7Y/5WY/raS5ekusUh2a/FnnZRlfdW+RPCNjpJD/c=	38268	user_101@example.com	9037 Hart Parkways Suite 776\nDannyton, MO 40813	Apt. 012	nickname_101	False	1967-11-14	0	1	2024-07-10 05:53:35.205552+00	2024-07-10 05:53:35.205552+00	8
f	7fda032f-a96f-42b6-b67a-65d3679904de	2fae9fd2-bf84-419f-8976-556486c5b9dd	user_102	pbkdf2_sha256$720000$KU5Alt4uzBfzrwkVyEiizf$R5g15gUlJXaAirILy/oBpF+SAj7iNLraU2PtY941dZM=	37192	user_102@example.com	Unit 8672 Box 3166\nDPO AP 22271	Apt. 593	nickname_102	False	1951-02-13	0	1	2024-07-10 05:53:35.986115+00	2024-07-10 05:53:35.986115+00	9
f	c0594995-ccdf-4dc6-b905-f252c667cfa5	6d00586b-8379-4038-8b3e-e9c014afaf7a	user_104	pbkdf2_sha256$720000$lK4CQ3TuJjiJfGT3GUHTOU$8lYMsXfjrBm2C3wCoeHqKNjquO04XH3cwA6Ulj6GaOc=	30021	user_104@example.com	416 Gregory Groves\nLake Andrew, MD 28331	Apt. 194	nickname_104	False	1945-12-17	2	0	2024-07-10 05:53:37.571391+00	2024-07-10 05:53:37.571391+00	10
f	093e5143-9b15-4a56-bb96-46eceb227747	84b1d39f-f358-4b71-b744-cc3646158c6e	user_105	pbkdf2_sha256$720000$mxtobVB9NKGCWcjHpiYcQJ$WGGRtfdZJQCbwg7kGJCMYc55uSkRm6GMSrpfr+SnCqY=	733	user_105@example.com	261 Green Islands\nGaryview, PR 64820	Suite 707	nickname_105	False	1999-05-04	0	1	2024-07-10 05:53:38.376354+00	2024-07-10 05:53:38.376354+00	11
f	2aaa459e-a818-4e4e-a219-d5aac5ecc6d5	e9663d97-f56f-406d-b3db-55fa843b992e	user_106	pbkdf2_sha256$720000$olTyDmEWawPcYApDioPdEO$bM7C+WCim5l13M21aE94RUFei7kGtt2cAV+cRy6GC5E=	62930	user_106@example.com	788 Jones Spring Apt. 130\nPatriciabury, CO 68062	Suite 297	nickname_106	False	1936-01-24	0	0	2024-07-10 05:53:39.150353+00	2024-07-10 05:53:39.150353+00	12
f	348898fd-91d4-469b-b5b0-389db82a0e61	e960c862-ddb4-4344-a464-bc66b14997f4	user_107	pbkdf2_sha256$720000$5ZPhakpf0EthIpee4zGZSv$4WBxJ6RZnmF8Y/oGmnqT1TsW7bTfW041Q8x82AsMgnM=	52516	user_107@example.com	0053 Anthony Landing Apt. 086\nNew Steven, PA 02712	Suite 783	nickname_107	False	1970-02-01	0	0	2024-07-10 05:53:39.924648+00	2024-07-10 05:53:39.924648+00	13
f	fdb7c05a-e2c5-4446-a602-78583287b1dd	cd7dafac-d257-4cfe-99d7-e81e138a3d59	user_108	pbkdf2_sha256$720000$7DuGKxGdTFdgt6EWDXgwJG$GaJV6Hjhz1REnEU3r/UjFqEixPwmT24BdYHdGTZRiCA=	10884	user_108@example.com	2762 Sharon Mountains\nEast Thomasberg, WI 71815	Suite 103	nickname_108	False	1953-07-29	2	1	2024-07-10 05:53:40.730459+00	2024-07-10 05:53:40.730459+00	14
f	a12ba639-1545-4b90-b3e8-a99045dff48a	51ae43e3-4ab1-4ddf-9d24-2ab91a63af8e	user_109	pbkdf2_sha256$720000$eoOfSLaAhCKPQpro0hdgjC$p1qLD3r/dtoF2/LpMAYXF/hY0hc36V2BNQOGFCZSq/8=	63894	user_109@example.com	31229 Blackwell Spring Suite 962\nNorth Barbara, KY 39470	Suite 369	nickname_109	False	1995-08-26	1	0	2024-07-10 05:53:41.60244+00	2024-07-10 05:53:41.60244+00	15
f	8832d73c-4d79-4e0e-af75-8d6abf5516e7	ae9056a9-0c67-4c11-a648-e6902a803b95	user_110	pbkdf2_sha256$720000$38Z2T922GDILPVM6VJ4YXr$UvKV0ziIsGEy9x3ayYAoWohFZm/O86Yec4U6fQ4X218=	60006	user_110@example.com	491 James Orchard\nNorth Connie, WA 56685	Suite 905	nickname_110	False	1936-09-17	2	1	2024-07-10 05:53:42.364318+00	2024-07-10 05:53:42.364318+00	16
f	b83275c8-98ad-4350-ac9d-fafdf6e4cf7c	44762682-91fe-4ebe-9df4-20485301d97e	user_111	pbkdf2_sha256$720000$W2UiYQCTQhxOfzXvnkE3Bx$Ax/naeMYRsAaZXvfoc2m0R9WqK5w0iJcr9DEW7TIkA4=	50551	user_111@example.com	59031 Reed Cove Suite 880\nNew Terrifurt, FM 49514	Suite 519	nickname_111	False	2003-06-12	0	0	2024-07-10 05:53:43.132001+00	2024-07-10 05:53:43.132001+00	17
f	e7cd0a8f-ceab-423a-8952-e52eaf11e703	49335a58-9336-45d0-90e3-267b3c8c925e	user_112	pbkdf2_sha256$720000$uNgGHIfKc691u8NQVa90rM$9DpD78k/1xeyp5OutcAt2hh9+cZDG4qDAxMAkmgFFYc=	13300	user_112@example.com	17630 Nicole Turnpike Suite 400\nLake Victoria, DC 46396	Apt. 527	nickname_112	False	1982-03-02	2	0	2024-07-10 05:53:43.918513+00	2024-07-10 05:53:43.918513+00	18
f	33604f4e-fc53-4c07-9efb-f7ee8228ca0f	5be0fbfe-552b-46e7-b669-0138d9fe125a	user_113	pbkdf2_sha256$720000$i6I7HxADHGy3WkKZnmihPU$E4+Ly2TTYf525NVLry/d9U8qGdjCsEtX0OkMPE5aLNk=	31544	user_113@example.com	331 Strickland Plain\nSouth Matthewton, NE 57059	Apt. 147	nickname_113	False	1985-05-05	0	0	2024-07-10 05:53:44.721574+00	2024-07-10 05:53:44.721574+00	19
f	a30a968e-43b1-4b6e-af8e-d91d75fa0991	7abde897-5f6b-4736-8fa4-139168dc4aaf	user_114	pbkdf2_sha256$720000$izjI0tHO25NLazSYP5MMXi$2RCcfiG6bkx0/Sh+aqTEdgrmzs2MoX+FLX+ajBZamcQ=	45384	user_114@example.com	996 Mary Expressway\nWilliamsview, PW 47086	Apt. 998	nickname_114	False	1968-03-12	2	0	2024-07-10 05:53:45.529108+00	2024-07-10 05:53:45.529108+00	20
f	4b4c407e-967a-4073-9e15-d5b4c7ec3914	580e779b-0753-4c3b-996a-68cd0187c4ff	user_115	pbkdf2_sha256$720000$Dfkyc8D5xI2ZDse8CiO1j4$YM7YczNSUPqVQFxocIA82SxjUCYqsUNDIkpd6bmfJ6Y=	19869	user_115@example.com	Unit 0196 Box 3036\nDPO AP 75521	Apt. 736	nickname_115	False	1977-10-21	0	0	2024-07-10 05:53:46.316101+00	2024-07-10 05:53:46.316101+00	21
f	9bc8aff3-3d1f-45de-8ff1-3e65dceff0b6	3c29e4e9-a55c-417f-8ad2-f41eb5739172	user_116	pbkdf2_sha256$720000$VHTkKONVxOGLH1k3zkDUpX$llYvkdwekJuzl0SnX4f0KXW9Uvvyc6e6IcOlyuRee34=	7096	user_116@example.com	63065 Allen Mall\nRobertfurt, NC 04890	Apt. 638	nickname_116	False	1996-03-03	1	1	2024-07-10 05:53:47.111074+00	2024-07-10 05:53:47.111074+00	22
f	7d8b5929-13c1-43c5-9814-b30a2e29f28c	14b61dc5-abb7-4f0c-bc2b-403e24e6432a	user_117	pbkdf2_sha256$720000$A0CDVWIy65Ddh5ZRY2MZ1p$suN3pCqlPHbe6bJVUZbsV3c3FWTCqL4hrtQWg6mo7hM=	59439	user_117@example.com	552 Buchanan Flats\nSouth Kathyborough, NV 41461	Apt. 172	nickname_117	False	1972-04-11	2	1	2024-07-10 05:53:47.92307+00	2024-07-10 05:53:47.92307+00	23
f	a7c14b9a-f6d9-4003-b373-a36352f93aed	32b3b4ef-3c7c-4726-8f94-c7e7cac930de	user_118	pbkdf2_sha256$720000$PNWFXcO7QrLfis73sg8IG1$oV7P4f/cxjh4RgQduoi2L4Upfhr/0vecV5tpJOnEXDY=	8462	user_118@example.com	1270 Snyder Mills\nWest David, VA 02129	Apt. 212	nickname_118	False	1943-08-16	1	1	2024-07-10 05:53:48.762162+00	2024-07-10 05:53:48.762162+00	24
f	87de3be3-754f-45d3-83de-2673392fe046	ebd532d2-887a-4207-a67e-7039695b544e	user_119	pbkdf2_sha256$720000$XED03vQ7WiJnN7TTUrB7A5$ns51QUpeCaFpL/fUkhYtVlfAixr7+Cm+llICOyXeSJs=	58154	user_119@example.com	1334 Sanchez Estates Suite 486\nColeside, NY 38215	Apt. 230	nickname_119	False	1950-10-22	1	0	2024-07-10 05:53:49.544751+00	2024-07-10 05:53:49.544751+00	25
f	16f47961-05b3-4699-88b3-410c9898fc73	16982ef1-6b90-4daa-a103-ad2ee0d3a1cd	user_120	pbkdf2_sha256$720000$idAFiJGBJ28X3XhV4sb3Qz$4W8ba5EkeYYAdBPdAUG/wpVR0oPXZFH+ADGAyf/lwXU=	16391	user_120@example.com	55787 Bender Knoll\nEast Robert, CT 42031	Suite 882	nickname_120	False	1951-10-31	0	0	2024-07-10 05:53:50.334601+00	2024-07-10 05:53:50.334601+00	26
f	4b0547ed-2b76-438d-bbb4-470430366c93	95faaeeb-30ef-43a5-9ae2-f9800724f9f6	user_121	pbkdf2_sha256$720000$NOxnMvqECng3cnwOGtltDE$PuyhSbfH9Dp00WmR5dvykHMZ36wJ/au7vfn32WOkX/k=	5236	user_121@example.com	8331 Mccarty Ridge\nReneechester, PR 95635	Apt. 694	nickname_121	False	1979-12-09	0	0	2024-07-10 05:53:51.144601+00	2024-07-10 05:53:51.144601+00	27
f	6a563d80-c038-448a-b7a4-c6ebeffaaa2b	b43586d6-db04-42ea-b7dc-09bd8c6deda0	user_122	pbkdf2_sha256$720000$MIXp1hiiu77F237dybun3j$wh031sfvWhYXIsTkH8bnS3R/UeO4etTTFDWQi1yDYKA=	23669	user_122@example.com	557 Todd Station\nVazqueztown, NE 48189	Suite 185	nickname_122	False	1942-09-25	1	1	2024-07-10 05:53:51.90635+00	2024-07-10 05:53:51.90635+00	28
f	fd609261-730a-4018-b9f7-1ea8af9d2b55	9e114d8f-27a8-4280-9bbf-12fff252b480	user_123	pbkdf2_sha256$720000$S8mjhpxyXY9RQrMZW3uPue$EeJqOeGd1+flyZebdgptkDpcc9ErqU01FPoYIEYaZJ8=	36038	user_123@example.com	2418 Rodriguez Heights Suite 643\nAdrianstad, MP 51604	Suite 148	nickname_123	False	2005-11-20	1	0	2024-07-10 05:53:52.686345+00	2024-07-10 05:53:52.686345+00	29
f	0ed8e0d9-ad0f-4229-bf76-369c07680945	22a2ed2a-0bea-451b-8f8f-3ce840cb697d	user_124	pbkdf2_sha256$720000$pb8BgUvOdYzqVru2aWghYS$c1/DwvhbiaospsOgTTZkDfkpPXm2yYotkwHozcG8RHY=	49529	user_124@example.com	541 Andrea Trail Suite 459\nEast Oliviachester, AK 24127	Apt. 566	nickname_124	False	1989-01-17	2	0	2024-07-10 05:53:53.452504+00	2024-07-10 05:53:53.452504+00	30
f	7e0bff3f-9d08-404c-9f94-4efb668fc661	53ac370f-eeff-404f-9bab-263ed1ed3ab6	user_125	pbkdf2_sha256$720000$1dSGU48uaH2itEjR0RuL9q$jaOLdysm1UT/jbXCvrrnYm61NSzBgmyVdXTRpwiuX0I=	6883	user_125@example.com	040 David Glen\nWest Christinashire, TN 42293	Suite 106	nickname_125	False	1937-10-12	0	1	2024-07-10 05:53:54.255463+00	2024-07-10 05:53:54.255463+00	31
f	cbfe3d39-0db4-46f7-8113-e6826c229165	226f7a65-4056-4099-9d22-c3358a0d77c3	user_126	pbkdf2_sha256$720000$Q7R0nFPIMrngNK2mUJDV83$tjys1GBmtip4KjVw8tTRMm5yrEeTn3/1wg+Z1KL8Me8=	48695	user_126@example.com	84098 Kelly Extension\nNorth James, NC 36498	Suite 431	nickname_126	False	1963-08-03	0	1	2024-07-10 05:53:55.028465+00	2024-07-10 05:53:55.028465+00	32
f	f5d83edc-dad7-4083-afdd-9693a9d6632f	61a396e1-eed8-42ce-a8d8-f999f9faf2b3	user_127	pbkdf2_sha256$720000$GzP3t11KKB0tLwULucIR2o$A1wPkX424q8ZCb/QkuKS/+b7h90LsREydG4eCV8QnIA=	34042	user_127@example.com	8080 Ashley Forges\nWest Robinburgh, IN 39832	Suite 304	nickname_127	False	1974-06-28	1	1	2024-07-10 05:53:55.816505+00	2024-07-10 05:53:55.816505+00	33
f	f649804b-1fd3-4a71-bf30-d6eaacee9f75	66f69037-d97d-4f88-b7c8-ff56498a7635	user_128	pbkdf2_sha256$720000$2lMX44sBFX0vD7wDwDAq2m$Xfm19u0lpeatHEjBSk2O58oGYO9cRoXPWF1CgAurvlw=	34694	user_128@example.com	707 Johnson Vista Apt. 588\nPerrytown, AS 46263	Apt. 608	nickname_128	False	1974-06-28	2	1	2024-07-10 05:53:56.576462+00	2024-07-10 05:53:56.576462+00	34
f	9f22f37a-d673-4236-b5ba-7aaa7d7f29f3	0940144e-debe-40a1-8799-f010980ed003	user_129	pbkdf2_sha256$720000$F8hucZyRaKcVh3ehypNm8a$i9VTW6pob1EKriVpRUKDkB/tuxpd8aQfTj87LNHYBdE=	47567	user_129@example.com	018 Alvarez Square Apt. 981\nAmyville, WY 81090	Suite 687	nickname_129	False	1974-01-16	0	0	2024-07-10 05:53:57.365464+00	2024-07-10 05:53:57.365464+00	35
f	2d6b9f6e-c4ea-4a74-9838-8ea88f077d5f	f8a36ef9-aaa4-4d82-b453-da39fd342994	user_130	pbkdf2_sha256$720000$MAwnzxW0VHs91hdjn0sYAT$VRybXP2MHVpL+TAyzH1Tt34GUJm3lprLQF23HkWJExw=	48776	user_130@example.com	2004 Bridget Coves\nWilliamstown, AS 32227	Apt. 148	nickname_130	False	1976-03-23	1	1	2024-07-10 05:53:58.148972+00	2024-07-10 05:53:58.148972+00	36
f	f2f0ee53-a9db-4edd-96ba-c082e20b2f11	695fa6d0-ba00-425d-976d-7b0d0b5876df	user_131	pbkdf2_sha256$720000$uNhZs34NMSgoCZWVUj0Ijj$hm5oSNuBw7BDs0cOT1dortNlr8tkysFwNTdP43t60m8=	49505	user_131@example.com	5250 David Pike Suite 761\nNew Samuel, CT 10545	Apt. 186	nickname_131	False	1958-08-31	1	1	2024-07-10 05:53:58.994708+00	2024-07-10 05:53:58.994708+00	37
f	6688a919-5147-4789-96f9-e50cf8a5eb91	80919d76-4d2e-459a-8293-dc48c6e67274	user_132	pbkdf2_sha256$720000$txb0TfvApbxbuPKZdymVLO$VAqxeizDLjwTHxeYmRKJRd1z+VxGQ8+7+FIf3IOwr8w=	33473	user_132@example.com	9540 Barbara Pines Suite 555\nNorth Ryan, OR 68133	Apt. 652	nickname_132	False	1995-07-27	0	0	2024-07-10 05:53:59.811344+00	2024-07-10 05:53:59.811344+00	38
f	6211ac21-1604-43bb-b6e4-cedfd23a7e94	6032b4d6-d6ab-48c3-b940-861d085501e0	user_133	pbkdf2_sha256$720000$vFYy76RiG6fzyroMfcKXeA$IGnbi07mRo+Y+xAmjjSRQ0dcqP48mlvdchleDnusVQM=	64921	user_133@example.com	PSC 5042, Box 1597\nAPO AP 97962	Suite 093	nickname_133	False	1967-08-31	0	0	2024-07-10 05:54:00.680353+00	2024-07-10 05:54:00.680353+00	39
f	266931a1-c773-447d-980d-f8ecae526f48	2cabd68c-13fe-44e2-970d-9c9ec6f70d2a	user_134	pbkdf2_sha256$720000$t3tv4bi4YFp9LdklP5QxJC$wrmfjuMq+NDqpifgWCqifH3hH9eAKj8glH1xYV/4VBw=	65480	user_134@example.com	438 Hall Greens\nEast Laurenborough, KY 19338	Apt. 485	nickname_134	False	1974-03-07	2	0	2024-07-10 05:54:01.461344+00	2024-07-10 05:54:01.461344+00	40
f	52489ccc-9541-4381-9e2a-3601b234273a	d984d9d9-9b68-433d-9492-f32eb5596838	user_135	pbkdf2_sha256$720000$lAoo0IK8x9Lqj6Q0Dwvtt0$hgF8KCrVSqgF9ALRKHzIL4g4bnGcMPOdMCaxezheTeM=	48174	user_135@example.com	USCGC Gentry\nFPO AP 50949	Apt. 042	nickname_135	False	1993-09-12	2	1	2024-07-10 05:54:02.240193+00	2024-07-10 05:54:02.240193+00	41
f	e21f224e-9df0-48db-a388-d1d60b5728ee	8755e4d4-684d-43b7-800b-ff6d783e37e1	user_136	pbkdf2_sha256$720000$DP3HGqUBOgk5fmVgcm5OBj$RXjHeWc/whcAzIECN3gAskLfYh6IuLLsCf1fdomNOzQ=	54421	user_136@example.com	55158 Chad Ports Apt. 796\nSinghview, SD 04899	Apt. 864	nickname_136	False	1983-04-16	2	0	2024-07-10 05:54:03.014763+00	2024-07-10 05:54:03.014763+00	42
f	1cce1ba9-9a91-460d-9bf1-f35ff6135805	46839f5e-7ba0-4f36-83cc-eef48cef5fa5	user_137	pbkdf2_sha256$720000$969K3TzPYGbZ0MyROZYW37$+W3+cF2GqCZzxGaF0VtxHCiuwOp0zriP9hWJSZs17/o=	37622	user_137@example.com	2289 Michelle Passage\nPaulhaven, GU 36500	Apt. 265	nickname_137	False	1946-02-01	2	1	2024-07-10 05:54:03.805761+00	2024-07-10 05:54:03.805761+00	43
f	8f01b67d-8ef1-4ae3-a51b-020b31a5dbf2	71a36935-0a4b-4102-8379-b9578df233f6	user_138	pbkdf2_sha256$720000$uZ3MAVpjdfoOy9hQRNOrxd$asZ77+ZLYE4YmquzjB6xr3lx0be+XdPb8069Vybbi4w=	39424	user_138@example.com	704 Hernandez Stream\nJohnburgh, IL 25188	Suite 455	nickname_138	False	1995-08-10	2	0	2024-07-10 05:54:04.606751+00	2024-07-10 05:54:04.606751+00	44
f	5d57afbd-137b-4210-b95d-ff58cd46b238	ee4e2bd1-5324-43e6-ae51-f6a6bf2c1a5b	user_139	pbkdf2_sha256$720000$8l8Pi3ZUzdc8lxxo5DYHmg$dOnBRE5rEKCvUHDl4L0juXce5uaEM8YMNEFQxd8vly4=	62626	user_139@example.com	82379 Stevens Trafficway Suite 258\nNorth Jacqueline, PA 37262	Suite 684	nickname_139	False	1976-05-08	2	1	2024-07-10 05:54:05.414747+00	2024-07-10 05:54:05.414747+00	45
f	f88f5fd1-cd4c-4e59-8891-385a2dec1dcb	\N	uuid	pbkdf2_sha256$720000$vXmby17HKhn9acPpFllCB6$12fldiK2LfhnPF38DSClkv50S4TA1qacK28/TW8twus=	010-9999-9992	8@example.com	61	126	uid1	default.png	2024-07-12	2	0	2024-07-10 08:20:14.686113+00	\N	46
f	7d35a97a-f243-4b77-9a58-3b8c122ded4f	\N	test	pbkdf2_sha256$720000$A3oge4z3N7PFWKvS39wfT7$PI1F1YzPfc3jQ3VIKoVc7qA6vU1HR6EPBZtxv2qompk=	010-3333-1512	9@example.com	16	1261	sfa	default.png	2024-07-18	2	1	2024-07-10 08:36:10.299885+00	\N	47
f	2d2ba972-ded8-47f8-8f34-bca2ea788453	\N	test1	pbkdf2_sha256$720000$PdXcRYjfkAAUZlamRAsvZu$Iq2ALlLRn6JdxnwQuNbbVgylklc8uzqgTBd2TRNlLLE=	010-7777-1325	10@example.com	6136	223	7236	user_image/29YNEK6619_1.jpg	2024-07-10	2	0	2024-07-10 08:42:10.869789+00	\N	48
f	7d625a70-a540-46a1-8003-8a9be52584fd	\N	test2	pbkdf2_sha256$720000$X0SsCeReM4uv1lCeXXasB5$CDeM29ZH4BVUCiXZqGsa8C7GXHqlxAAlfixTBZxddrE=	010-8888-4662	11@example.com	623	727	383812	user_image/29YNEK6619_1_MXVXebw.jpg	2024-07-10	2	1	2024-07-10 08:44:11.149247+00	\N	49
f	de2e68dc-48df-49bd-9165-6a84462a4408	\N	test3	pbkdf2_sha256$720000$yITkuaGkVZdVOscZ6aIhr1$xzXrxKerD/5VivnBGm9PQwQYDt+ch18ncS1fNciGS6w=	010-7845-4164	12@example.com	23	123	6838	user_image/Cropmiddle.jpg	2024-07-10	2	0	2024-07-10 08:51:11.152979+00	\N	50
f	5131d379-94ef-441a-af3a-70823aab4f24	11	user_103	pbkdf2_sha256$720000$xAAKn1d2KR7H8uy8EVitrm$tfga+HkWbEHHTSaScZ/1qchjFKxTM4/YuLiREiP+A0Q=	64715	user_103@example.com	9991 Adams Green Apt. 431\nAlexanderborough, PA 11033	Apt. 522	nickname_103	False	1955-07-11	0	1	2024-07-10 05:53:36.756651+00	2024-07-10 05:53:36.756651+00	51
f	f219ce93-2d1c-43e9-a6d0-a9ab346aa344	\N	dffaf	pbkdf2_sha256$720000$DN4VVUlARFoidsQvDhg4cS$Ua2k4rAojjOWnnwLCATpaNqb8QT4ObGw55CUCJOmBQU=	010-3838-3838	15@example.com	16	126	054050	user_image/29YNEK6619_1_gdSqwQV.jpg	2024-07-11	2	1	2024-07-11 05:28:58.558539+00	\N	52
f	01e28516-97be-4262-b6c2-30ed2f8641fe	\N	erueru	pbkdf2_sha256$720000$Mo0iClQKN2kHg1azL82QvJ$0MndJFQe9xLqgWqpQZHCuSATdv59n9NUKYvnm93Y3qg=	010-3451-616	16@example.com	136	136	136	user_image/29YNEK6619_1_oDtemk0.jpg	2024-07-11	2	0	2024-07-11 05:33:55.396744+00	\N	53
f	eb3220b0-e4a8-44fe-9a78-9c264aee7aa3	\N	5hdh	pbkdf2_sha256$720000$tfNz0cjw90nXhaEdzTgHsR$l/GeZRERgsv/6XXlX0nQy+OFkZn45vVX8487lv+ckko=	010-3513-8041	21@example.com	124	124	124	user_image/29YNEK6619_1_0Eubzao.jpg	2024-07-12	2	0	2024-07-12 00:49:16.239392+00	2024-07-12 00:49:16.239392+00	55
f	34d5a42d-892b-4095-9efa-24b99636baeb	\N	7013823	pbkdf2_sha256$720000$BvQGZiXQGhQJA1c9TPcdNM$E5qJroC6Y2XqbAxEV7woI1te54btC0KMZcglZPdx0pE=	010-1366-3321	20@example.com	737	2377	dfgkdgk	user_image/4e172c05-36f6-4316-b771-2aab0e5b8601.webp	2024-07-11	2	0	2024-07-11 07:38:47.031567+00	2024-07-12 04:27:33.120216+00	54
\.


--
-- Data for Name: account_customuser_groups; Type: TABLE DATA; Schema: public; Owner: postgres
--

COPY public.account_customuser_groups (id, customuser_id, group_id) FROM stdin;
\.


--
-- Data for Name: account_customuser_user_permissions; Type: TABLE DATA; Schema: public; Owner: postgres
--

COPY public.account_customuser_user_permissions (id, customuser_id, permission_id) FROM stdin;
\.


--
-- Data for Name: auth_group; Type: TABLE DATA; Schema: public; Owner: postgres
--

COPY public.auth_group (id, name) FROM stdin;
\.


--
-- Data for Name: auth_group_permissions; Type: TABLE DATA; Schema: public; Owner: postgres
--

COPY public.auth_group_permissions (id, group_id, permission_id) FROM stdin;
\.


--
-- Data for Name: auth_permission; Type: TABLE DATA; Schema: public; Owner: postgres
--

COPY public.auth_permission (id, name, content_type_id, codename) FROM stdin;
1	Can add log entry	1	add_logentry
2	Can change log entry	1	change_logentry
3	Can delete log entry	1	delete_logentry
4	Can view log entry	1	view_logentry
5	Can add permission	2	add_permission
6	Can change permission	2	change_permission
7	Can delete permission	2	delete_permission
8	Can view permission	2	view_permission
9	Can add group	3	add_group
10	Can change group	3	change_group
11	Can delete group	3	delete_group
12	Can view group	3	view_group
13	Can add content type	4	add_contenttype
14	Can change content type	4	change_contenttype
15	Can delete content type	4	delete_contenttype
16	Can view content type	4	view_contenttype
17	Can add session	5	add_session
18	Can change session	5	change_session
19	Can delete session	5	delete_session
20	Can view session	5	view_session
21	Can add custom user	6	add_customuser
22	Can change custom user	6	change_customuser
23	Can delete custom user	6	delete_customuser
24	Can view custom user	6	view_customuser
25	Can add chat room	7	add_chatroom
26	Can change chat room	7	change_chatroom
27	Can delete chat room	7	delete_chatroom
28	Can view chat room	7	view_chatroom
29	Can add message	8	add_message
30	Can change message	8	change_message
31	Can delete message	8	delete_message
32	Can view message	8	view_message
33	Can add data analysis	9	add_dataanalysis
34	Can change data analysis	9	change_dataanalysis
35	Can delete data analysis	9	delete_dataanalysis
36	Can view data analysis	9	view_dataanalysis
37	Can add equipment	10	add_equipment
38	Can change equipment	10	change_equipment
39	Can delete equipment	10	delete_equipment
40	Can view equipment	10	view_equipment
41	Can add equipment in use	11	add_equipmentinuse
42	Can change equipment in use	11	change_equipmentinuse
43	Can delete equipment in use	11	delete_equipmentinuse
44	Can view equipment in use	11	view_equipmentinuse
45	Can add equipment reservation	12	add_equipmentreservation
46	Can change equipment reservation	12	change_equipmentreservation
47	Can delete equipment reservation	12	delete_equipmentreservation
48	Can view equipment reservation	12	view_equipmentreservation
49	Can add gym	13	add_gym
50	Can change gym	13	change_gym
51	Can delete gym	13	delete_gym
52	Can view gym	13	view_gym
53	Can add owner	14	add_owner
54	Can change owner	14	change_owner
55	Can delete owner	14	delete_owner
56	Can view owner	14	view_owner
57	Can add gym member	15	add_gymmember
58	Can change gym member	15	change_gymmember
59	Can delete gym member	15	delete_gymmember
60	Can view gym member	15	view_gymmember
61	Can add trainer	16	add_trainer
62	Can change trainer	16	change_trainer
63	Can delete trainer	16	delete_trainer
64	Can view trainer	16	view_trainer
65	Can add pt	17	add_pt
66	Can change pt	17	change_pt
67	Can delete pt	17	delete_pt
68	Can view pt	17	view_pt
69	Can add visit log	18	add_visitlog
70	Can change visit log	18	change_visitlog
71	Can delete visit log	18	delete_visitlog
72	Can view visit log	18	view_visitlog
73	Can add personal info	19	add_personalinfo
74	Can change personal info	19	change_personalinfo
75	Can delete personal info	19	delete_personalinfo
76	Can view personal info	19	view_personalinfo
\.


--
-- Data for Name: chat_chatroom; Type: TABLE DATA; Schema: public; Owner: postgres
--

COPY public.chat_chatroom (chatroom_id, chatroom_name, created_at, updated_at, user1_id, user2_id) FROM stdin;
\.


--
-- Data for Name: chat_message; Type: TABLE DATA; Schema: public; Owner: postgres
--

COPY public.chat_message (message_id, content, created_at, is_read, chatroom_id, sender_id) FROM stdin;
\.


--
-- Data for Name: dataanalysis_dataanalysis; Type: TABLE DATA; Schema: public; Owner: postgres
--

COPY public.dataanalysis_dataanalysis (analysis_id, equipment_use_time, fields, equipment_id, member_id, user_id) FROM stdin;
\.


--
-- Data for Name: django_admin_log; Type: TABLE DATA; Schema: public; Owner: postgres
--

COPY public.django_admin_log (id, action_time, object_id, object_repr, action_flag, change_message, content_type_id, user_id) FROM stdin;
\.


--
-- Data for Name: django_content_type; Type: TABLE DATA; Schema: public; Owner: postgres
--

COPY public.django_content_type (id, app_label, model) FROM stdin;
1	admin	logentry
2	auth	permission
3	auth	group
4	contenttypes	contenttype
5	sessions	session
6	account	customuser
7	chat	chatroom
8	chat	message
9	dataanalysis	dataanalysis
10	equipment	equipment
11	equipment	equipmentinuse
12	equipment	equipmentreservation
13	gyms	gym
14	gyms	owner
15	gyms	gymmember
16	gyms	trainer
17	gyms	pt
18	visitlogs	visitlog
19	gyms	personalinfo
\.


--
-- Data for Name: django_migrations; Type: TABLE DATA; Schema: public; Owner: postgres
--

COPY public.django_migrations (id, app, name, applied) FROM stdin;
1	contenttypes	0001_initial	2024-07-09 05:44:24.644466+00
2	contenttypes	0002_remove_content_type_name	2024-07-09 05:44:24.753149+00
3	auth	0001_initial	2024-07-09 05:44:25.190269+00
4	auth	0002_alter_permission_name_max_length	2024-07-09 05:44:25.252428+00
5	auth	0003_alter_user_email_max_length	2024-07-09 05:44:25.296498+00
6	auth	0004_alter_user_username_opts	2024-07-09 05:44:25.353315+00
7	auth	0005_alter_user_last_login_null	2024-07-09 05:44:25.40942+00
8	auth	0006_require_contenttypes_0002	2024-07-09 05:44:25.468019+00
9	auth	0007_alter_validators_add_error_messages	2024-07-09 05:44:25.531016+00
10	auth	0008_alter_user_username_max_length	2024-07-09 05:44:25.595324+00
11	auth	0009_alter_user_last_name_max_length	2024-07-09 05:44:25.663215+00
12	auth	0010_alter_group_name_max_length	2024-07-09 05:44:25.770211+00
13	auth	0011_update_proxy_permissions	2024-07-09 05:44:25.815405+00
14	auth	0012_alter_user_first_name_max_length	2024-07-09 05:44:25.879375+00
15	account	0001_initial	2024-07-09 05:44:26.495379+00
16	admin	0001_initial	2024-07-09 05:44:26.712538+00
17	admin	0002_logentry_remove_auto_add	2024-07-09 05:44:26.739484+00
18	admin	0003_logentry_add_action_flag_choices	2024-07-09 05:44:26.80724+00
19	chat	0001_initial	2024-07-09 05:44:27.186991+00
20	gyms	0001_initial	2024-07-09 05:44:27.766782+00
21	equipment	0001_initial	2024-07-09 05:44:28.152791+00
22	dataanalysis	0001_initial	2024-07-09 05:44:28.408792+00
23	sessions	0001_initial	2024-07-09 05:44:28.57441+00
24	visitlogs	0001_initial	2024-07-09 05:44:28.716543+00
25	account	0002_alter_customuser_usertype	2024-07-10 00:40:45.863111+00
26	account	0003_alter_customuser_usertype	2024-07-10 02:30:08.701881+00
27	account	0003_alter_customuser_user_image	2024-07-10 02:31:42.660686+00
28	account	0004_alter_customuser_managers	2024-07-10 02:36:33.952638+00
29	account	0004_alter_customuser_user_image	2024-07-10 02:47:18.402022+00
30	equipment	0002_alter_equipmentreservation_end_time_and_more	2024-07-11 01:14:19.943607+00
31	gyms	0002_personalinfo	2024-07-11 01:14:20.147691+00
\.


--
-- Data for Name: django_session; Type: TABLE DATA; Schema: public; Owner: postgres
--

COPY public.django_session (session_key, session_data, expire_date) FROM stdin;
l21ft9hbkk0b0wvdxklybh58au3j1b85	e30:1sS7rZ:KtOr7rwDDIJ8BXCbPxd3U88ijL1NpjOHzMCkGzfKvPw	2024-07-26 04:26:29.654462+00
qhuvg22yxjc7ced010q4sasu84khrbqp	.eJxVjDsOwjAQBe_iGln-bmJK-pwhWnvXOIBsKZ8KcXcSKQW0M_PeW4y4rWXcFp7HicRVeCcuvzBienI9DD2w3ptMra7zFOWRyNMucmjEr9vZ_h0UXMq-tuSNAXReZdND9jpaSyETuKCyMh3b1KEnFXYSGUhnh30HTnPQvQIWny_zLzeE:1sS7sb:_O_L_bTwKHbjMGQfNY8QXxoZTAfXTrK00MquV1rh5rk	2024-07-26 04:27:33.146819+00
\.


--
-- Data for Name: equipment_equipment; Type: TABLE DATA; Schema: public; Owner: postgres
--

COPY public.equipment_equipment (equipment_id, equipment_name, user_id) FROM stdin;
1	Stationary Bike	\N
3	Elliptical Machine	\N
4	Bench Press	\N
5	Dumbbell Set	\N
6	Treadmill	\N
\.


--
-- Data for Name: equipment_equipmentinuse; Type: TABLE DATA; Schema: public; Owner: postgres
--

COPY public.equipment_equipmentinuse (use_equip_id, start_time, end_time, equipment_id, user_id) FROM stdin;
\.


--
-- Data for Name: equipment_equipmentreservation; Type: TABLE DATA; Schema: public; Owner: postgres
--

COPY public.equipment_equipmentreservation (res_id, start_time, end_time, equipment_id) FROM stdin;
6	2024-07-11 07:00:23.287777+00	\N	6
7	2024-07-11 07:01:10.4014+00	\N	1
8	2024-07-11 07:03:58.237342+00	\N	5
9	2024-07-11 07:26:49.117942+00	\N	4
10	2024-07-11 07:26:49.358807+00	\N	3
\.


--
-- Data for Name: gyms_gym; Type: TABLE DATA; Schema: public; Owner: postgres
--

COPY public.gyms_gym (gym_id, gym_name, gym_address, owner_id) FROM stdin;
1	Bell and Sons	288 Waller Mountain Apt. 040\nPort Sandymouth, NH 08437	35
2	Martin-Hawkins	6333 Rogers Plaza\nPort Stephanie, DC 78777	1
3	Allen, Horton and Mendez	9727 Miller Green\nSouth Graceton, CO 90906	44
4	Franklin, Franklin and Bradley	USCGC Barrett\nFPO AA 36223	49
5	Morrow, King and Stevens	4310 Vazquez Wells Apt. 540\nEast John, MO 87992	35
6	Petersen, Gonzalez and Barnes	889 Barbara Hollow Apt. 224\nSouth Rhondafurt, WV 03280	5
7	Lucas-Mcgrath	076 Rodriguez Alley\nRobinsonhaven, AR 70733	49
8	Copeland, Lynn and Campbell	80850 Moore Centers\nGreenhaven, WA 89662	26
9	Wiley-Gibson	069 Carrie Loop\nLake Andrew, SD 98937	39
10	Pruitt, Schwartz and Barnes	Unit 5048 Box 6018\nDPO AE 09002	46
11	Adams, Fischer and Mcpherson	9604 Sara Rapids\nNorth Cristinaton, OK 48476	13
12	Houston-Whitehead	8833 Martinez Flats Apt. 378\nSouth Billy, CA 34267	15
13	Camacho-Hall	7074 Zachary Lights Suite 350\nJacobborough, NH 58112	22
14	King PLC	722 Adam Lights Suite 208\nContrerasview, MN 24581	14
15	Anderson-Mendoza	734 John Drive\nCarolynborough, MS 72657	44
16	Bernard, Shaw and Webb	60629 Wilson Glens\nJasmineton, MH 74251	45
17	Rogers-Bradford	03128 Michelle Creek Suite 596\nGonzalezview, WY 52485	47
18	Powers Group	805 Young Junction\nJenkinsberg, MO 72253	45
19	Berger Ltd	855 Hernandez Hills Suite 965\nWest Daniel, OR 08245	35
20	Mcbride, Walker and Diaz	652 Collier Highway\nWest Michael, AZ 34975	19
21	Conner Ltd	92965 Hughes Vista\nLivingstonport, FL 52702	22
22	Phillips, Tate and Tanner	919 Carolyn Crest Apt. 608\nAdamstad, FL 56075	46
23	Cline, Lynn and Mitchell	074 Anthony Light\nWhiteheadburgh, AZ 15623	42
24	Long, Cox and Hernandez	580 Collins Pines Apt. 053\nJasonshire, MI 90776	19
25	Bowman, Wilcox and Torres	PSC 5443, Box 0131\nAPO AA 49165	38
26	Curtis Group	595 Edward Fork Apt. 955\nNew John, GA 89910	45
27	Pratt Inc	20062 Miranda Courts Apt. 654\nNew Shelly, WA 41097	22
28	Matthews, Rogers and Phelps	317 Edwards Shore Suite 339\nLake Andrea, TN 37122	22
29	Downs LLC	35643 Thornton Park\nKristenberg, MH 44422	47
30	Kelley-Schmidt	404 Robertson Way Apt. 779\nNicholasshire, FM 95915	35
31	Thomas-Garcia	7239 Rodriguez Fork\nWest Victoriashire, GA 45639	6
32	Smith PLC	PSC 4532, Box 1830\nAPO AA 55571	18
33	Miller-Gonzalez	0368 Marcus Corner Suite 070\nWhitakermouth, AK 62419	43
34	Fisher-Martin	7786 Tonya Stravenue Suite 062\nMelissamouth, WV 42925	36
35	Jenkins, Morris and Robinson	78206 Jessica Keys\nHarrismouth, AL 74238	2
36	Cabrera, Hill and Reyes	38040 John Port Suite 465\nEast Lisa, VA 36011	42
37	Scott, Montgomery and Knight	135 Margaret Greens Apt. 649\nJasminefurt, WI 11616	16
38	Walker, Johnson and Hopkins	1651 Ebony Camp\nGaryberg, OK 46475	32
39	Hale-Simmons	43308 Christopher Unions Suite 386\nGrayton, AS 14025	16
40	Mayer, Thomas and Miller	PSC 7281, Box 1419\nAPO AA 99380	50
41	Schmidt-Conrad	Unit 4029 Box 3788\nDPO AE 84778	46
42	Sparks Inc	77068 Thompson Courts Suite 581\nHaroldton, MD 65056	19
43	Martinez-Mays	760 Silva Ramp Apt. 238\nAmandaborough, FL 59377	17
44	Lucas-Odonnell	3343 Odonnell Walk Apt. 881\nSouth Juliachester, UT 49907	35
45	Miller LLC	6402 Courtney Parks Apt. 449\nNew Jasontown, MT 91177	40
46	Sosa, Oliver and Williams	326 Garrison Streets Apt. 176\nChristopherbury, MS 32638	37
47	Porter-Rios	84969 Samantha Ridge Apt. 261\nSouth Amychester, CA 98552	19
48	Hernandez-Hughes	PSC 5728, Box 5175\nAPO AA 19357	19
49	Oliver-Simmons	7005 Walker Trace\nBaileyport, GU 12491	35
50	Keith-Avila	2480 Bryant Rapid Suite 202\nNguyenside, MT 82473	25
51	Brooks, Young and Romero	PSC 7178, Box 3217\nAPO AE 84699	25
52	Gardner LLC	831 Garrison Summit Apt. 480\nWest Lindaside, AS 29542	8
53	Howard-Ayala	35292 Miller Mews Apt. 949\nNorth Leonstad, PW 76181	36
54	Martinez, Baldwin and Rogers	PSC 7307, Box 4534\nAPO AE 85105	19
55	Stafford, Reyes and Osborne	73123 Allen Drive Suite 376\nEast Carlton, AK 24659	32
56	Johnson, Arnold and Rodriguez	USCGC Moore\nFPO AE 45802	12
57	Campbell, Myers and Martin	31635 Mitchell Highway\nNew Malikland, ID 01322	31
58	Watson, Taylor and White	381 Brian Ville\nEast Tonya, KY 86762	34
59	Lopez, Holder and Jones	52808 Bryan Canyon Apt. 806\nJoeview, UT 22974	17
60	Moore-Smith	5647 Price Field Apt. 717\nWest Christopher, MI 11167	50
61	Daniels, Wise and Casey	862 Jackson Stream Suite 339\nPort Katherineview, MH 76615	24
62	Vargas Ltd	234 Corey Junction\nPort Albertville, AK 42779	22
63	Henderson, Butler and Sosa	89028 Matthew Burg\nOrtizmouth, HI 29575	14
64	Reed, Fernandez and Smith	8649 Moore Falls\nReedtown, AS 92605	1
65	Phillips, Byrd and Sullivan	709 Margaret Street Apt. 709\nLake Lisaland, GU 76942	23
66	Rogers, Parks and Flores	USS Maldonado\nFPO AE 44731	31
67	Thomas Inc	83913 Melanie Forge Suite 473\nPort April, MT 27429	22
68	Jensen-Mitchell	399 Weber Rapid Apt. 572\nDavismouth, NM 99230	37
69	Harvey, Vega and Coffey	15765 Robin Road Apt. 145\nSpencerfort, FM 86968	25
70	Mcmahon, Jones and Rogers	43640 Maurice Junctions Suite 400\nEast Robinstad, SD 29371	6
71	Becker-Hunter	82433 Myers Walk\nEdwardsberg, PR 83637	48
72	Palmer LLC	0112 Davis Shoal Apt. 900\nRamosfort, OR 79722	20
73	Levy-White	PSC 2105, Box 8699\nAPO AE 39273	43
74	Vasquez, Barton and Lopez	4408 Lisa Fort\nWest Thomasview, AS 14307	22
75	Quinn-Murphy	996 Hobbs Estates Apt. 564\nRobertport, IA 70641	8
76	Hamilton-Watkins	6311 Amber Extension\nSouth Michelleside, KY 52352	44
77	Grant Group	02937 White Pines Suite 282\nPort Chelsea, CA 21681	34
78	Johnson, Vazquez and Weiss	3932 Chambers Plains Suite 231\nEast Steven, NC 19658	46
79	Booth-Sanders	87329 Hampton Extension Suite 172\nTaylorberg, OK 73490	6
80	Williams, Alexander and Benson	98746 Moore Oval Suite 123\nWest Patrick, PR 61079	1
81	Garza-Johnson	5241 Kenneth Lane Suite 752\nNew Justinview, MI 69466	24
82	Flores-Hernandez	Unit 7297 Box 1584\nDPO AE 32997	5
83	Morgan, Lawson and Roberts	PSC 2861, Box 0317\nAPO AA 12150	32
84	Stark-Wright	01843 Whitney Camp Suite 926\nNelsonstad, MS 45054	5
85	Baker-Sharp	566 Johnson Lane Apt. 545\nBarnesfort, SD 52910	15
86	Hudson-Jones	USNS Shelton\nFPO AE 84560	28
87	Brown, Fuentes and Clark	73982 Bishop Isle\nLake Catherine, IN 19525	13
88	White LLC	1891 Craig Parkway Suite 617\nBradleyville, AL 73873	19
89	Robinson-Miranda	833 William Turnpike\nNew Jamesfort, PW 40975	22
90	Stephens-Simon	267 Boyd Burgs Suite 038\nWest Danielview, GA 25633	15
91	Brown-Garcia	20692 Samuel Prairie\nChristophershire, OH 91978	7
92	Wright-Salazar	18661 Susan Turnpike\nPort Amanda, CT 75457	43
93	Ford-Lewis	8064 Aguirre Square\nNelsonchester, HI 09051	36
94	Duncan, Case and Curry	3923 Lori Summit\nCarterville, AS 62885	50
95	White LLC	PSC 5801, Box 5917\nAPO AA 35536	16
96	Anderson and Sons	85804 Jacqueline Villages\nNorth Claudia, DC 86656	26
97	Griffith, Thomas and Knight	42418 Finley Trace\nCrosshaven, WI 33196	5
98	Gonzalez Group	3113 Sloan Mall Apt. 810\nDestinychester, MP 60265	2
99	Johnson-Valdez	8561 Sharon Port Apt. 290\nSouth Samantha, OH 65309	48
100	Castillo, Johnson and Reyes	69200 Reed Isle\nWest Katie, KY 75255	45
101	Taylor LLC	1933 Lowery Station Apt. 376\nDwaynemouth, AS 54267	7
102	Thompson-Higgins	1023 Mayo Spur Apt. 541\nPort Moniqueport, IA 29261	11
103	Owens-Hill	18561 Wise Creek\nSouth Kristen, UT 59020	19
104	Thompson, Burke and Nielsen	8599 Butler Gateway Apt. 680\nWest Meganmouth, MT 38701	1
105	Porter-Stevens	76379 Collier Shoal\nBurkebury, AS 46753	35
106	Roberts, Greer and Freeman	790 Hansen Gateway Apt. 932\nJacquelineton, MI 08581	38
107	Morales, Hogan and Bennett	92675 Johnson Inlet\nHudsonmouth, NJ 72255	33
108	Dudley, Tran and Hill	62789 Green Harbors\nBellfurt, IN 56332	20
109	Smith-Hendricks	USNS Kaufman\nFPO AE 85027	17
110	Carter PLC	9601 Mann Shores Suite 327\nWest Shelia, MO 58513	40
111	Taylor, Lee and Cooper	876 Campos Mission\nSosamouth, NH 11809	46
112	Knight-May	501 Ayala Tunnel Suite 096\nEast Alicia, LA 01490	2
113	Gibson-Townsend	3546 Martin Stream Suite 287\nAmyshire, VI 56986	46
114	Wood Group	31293 Moore Ridges\nHawkinsview, OH 15782	9
115	Long, Miller and Harvey	4245 James Route\nAndersenborough, PA 00966	24
116	Mcmillan-Ball	16433 Espinoza Pike Suite 329\nLake Davidmouth, MA 76068	28
117	Monroe, Lamb and Flores	371 Combs Valley\nColemanbury, NH 71551	3
118	Chambers Inc	4768 Avila Plain Apt. 000\nSouth Bobby, NV 44543	28
119	Fischer Inc	038 Gilbert Extensions\nSarahhaven, FM 50233	44
120	Barton Ltd	82821 Davidson Cliffs Suite 751\nSmithshire, RI 35299	15
121	Hinton, Gray and Moore	80136 Caitlin Divide\nLake Amyville, WI 06297	19
122	Gaines, Gilbert and Medina	4033 Martin Pike\nEmilymouth, TN 47020	29
123	Wilson-Snyder	21119 Nguyen Wells Suite 319\nSmithside, MP 63806	37
124	Newman Ltd	446 Hunt Fords\nSalinasfort, TN 01209	9
125	Randall-West	3132 Aguirre Centers\nPort Melissa, CA 29755	5
126	Johnson-Cox	5095 Brittany Lodge Suite 106\nEast Brian, MN 83135	49
127	Hess-Davis	195 Carlson Plains\nMoorestad, TN 84210	38
128	Johnston-Smith	42659 Cassandra Orchard\nEast Adam, NV 69033	6
129	Hanna LLC	503 Nolan Prairie Apt. 711\nEllisonberg, HI 91425	40
130	Fowler, Silva and Simpson	Unit 7307 Box 4998\nDPO AP 31947	30
131	Murphy Inc	865 Jonathan Locks Apt. 507\nSouth Brenda, FL 39862	21
132	Blanchard Group	72817 Wendy Manors\nNelsonshire, PR 11407	32
133	Pitts Ltd	487 Deanna View Suite 263\nManueltown, OH 49038	32
134	Richard-Kidd	2791 John Land\nNorth Jeffrey, NY 22052	14
135	Reyes, Norton and Gentry	212 Rogers Passage\nNew Dustinbury, AK 03134	26
136	Steele, Stevens and Hill	71500 Maxwell Crossing Apt. 729\nPort Garrett, PW 13744	35
137	Evans, James and Archer	6205 Alexander Meadows Apt. 418\nBlackborough, FM 62866	22
138	Smith, Briggs and Clark	77122 Dale Estate\nPatrickbury, WV 59868	45
139	Church-Stewart	08062 Stephen Junctions Apt. 282\nNorth Margaret, SD 16622	34
140	Yates-Wood	46100 Thomas Village Apt. 027\nNew Kathleenstad, IL 97290	3
141	Donaldson, Jackson and Mitchell	83569 Carol Square\nMeadowschester, PR 13733	1
142	Huang, Perry and Wilkins	001 Amanda Coves\nBlacktown, NV 81484	38
143	Mckee and Sons	9978 Stacy Haven\nBarnesshire, GU 62492	9
144	Stevenson Group	411 Audrey Light\nKingstad, NC 91801	50
145	Chavez LLC	736 Elizabeth Camp Apt. 896\nEast Austinberg, NC 33362	9
146	Cruz, Pennington and Huffman	518 Ramirez Walks Suite 543\nLake Michelle, FM 85475	24
147	Martin, Walters and Scott	839 Alexandra Village Apt. 612\nNorth Megan, GA 33386	28
148	Taylor PLC	680 Erin Center\nCallahanfurt, SC 72279	5
149	Morton-Alvarez	717 Chang Tunnel Suite 645\nPort Michael, GA 90586	26
150	Higgins, Collier and Burke	6814 Kim Mountain\nRiosland, MH 95033	44
\.


--
-- Data for Name: gyms_gymmember; Type: TABLE DATA; Schema: public; Owner: postgres
--

COPY public.gyms_gymmember (member_id, join_date, membership_type, expiry_date, recent_joined_date, recent_membership, recent_expiry, renewal_status, renewal_count, gym_id, user_id) FROM stdin;
1	2024-04-09	Basic	2025-04-09	2025-03-18	Premium	2026-03-18	f	1	130	1cce1ba9-9a91-460d-9bf1-f35ff6135805
2	2022-12-09	VIP	2023-12-09	2023-10-16	VIP	2024-10-15	f	0	42	f649804b-1fd3-4a71-bf30-d6eaacee9f75
3	2021-06-08	Premium	2022-06-08	2021-10-23	Basic	2022-10-23	f	5	139	fdb7c05a-e2c5-4446-a602-78583287b1dd
4	2022-10-30	Basic	2023-10-30	2023-08-31	VIP	2024-08-30	f	0	59	9bc8aff3-3d1f-45de-8ff1-3e65dceff0b6
5	2021-06-07	Basic	2022-06-07	2022-02-04	Basic	2023-02-04	f	2	131	c0594995-ccdf-4dc6-b905-f252c667cfa5
6	2020-06-06	Premium	2021-06-06	2021-04-14	Basic	2022-04-14	t	4	23	fdb7c05a-e2c5-4446-a602-78583287b1dd
7	2022-04-19	Premium	2023-04-19	2023-02-08	VIP	2024-02-08	f	0	122	16f47961-05b3-4699-88b3-410c9898fc73
8	2021-09-29	VIP	2022-09-29	2022-06-02	Basic	2023-06-02	f	3	148	a12ba639-1545-4b90-b3e8-a99045dff48a
9	2022-10-27	VIP	2023-10-27	2023-04-03	VIP	2024-04-02	f	0	43	33604f4e-fc53-4c07-9efb-f7ee8228ca0f
10	2022-05-04	Basic	2023-05-04	2022-07-14	Basic	2023-07-14	t	5	53	33604f4e-fc53-4c07-9efb-f7ee8228ca0f
11	2023-06-28	Premium	2024-06-27	2024-03-15	VIP	2025-03-15	f	4	120	7d8b5929-13c1-43c5-9814-b30a2e29f28c
12	2023-07-06	VIP	2024-07-05	2023-09-17	Basic	2024-09-16	f	5	146	81aacf55-c416-4608-9003-a856323c4c9b
13	2023-12-26	Basic	2024-12-25	2024-10-31	VIP	2025-10-31	f	5	59	9bc8aff3-3d1f-45de-8ff1-3e65dceff0b6
14	2021-04-25	VIP	2022-04-25	2021-08-23	VIP	2022-08-23	t	3	94	a30a968e-43b1-4b6e-af8e-d91d75fa0991
15	2024-04-22	Basic	2025-04-22	2024-06-06	Premium	2025-06-06	t	0	116	0ed8e0d9-ad0f-4229-bf76-369c07680945
16	2022-10-02	Premium	2023-10-02	2023-03-20	VIP	2024-03-19	f	5	113	7fda032f-a96f-42b6-b67a-65d3679904de
17	2023-01-08	VIP	2024-01-08	2023-09-04	VIP	2024-09-03	f	2	146	2aaa459e-a818-4e4e-a219-d5aac5ecc6d5
18	2023-02-27	Premium	2024-02-27	2023-09-11	Basic	2024-09-10	f	1	108	33604f4e-fc53-4c07-9efb-f7ee8228ca0f
19	2021-05-25	Premium	2022-05-25	2021-08-21	Basic	2022-08-21	t	4	72	7e372dd1-5dce-4d02-9871-c7981543d503
20	2024-03-02	Premium	2025-03-02	2024-09-20	VIP	2025-09-20	t	3	11	16f47961-05b3-4699-88b3-410c9898fc73
21	2023-12-21	Premium	2024-12-20	2024-03-10	Basic	2025-03-10	t	3	76	9bc8aff3-3d1f-45de-8ff1-3e65dceff0b6
22	2023-03-27	Premium	2024-03-26	2023-07-01	Basic	2024-06-30	f	3	93	093e5143-9b15-4a56-bb96-46eceb227747
23	2020-12-16	Premium	2021-12-16	2021-02-03	Basic	2022-02-03	f	2	70	a30a968e-43b1-4b6e-af8e-d91d75fa0991
24	2021-11-23	Premium	2022-11-23	2022-07-29	Basic	2023-07-29	t	1	53	a12ba639-1545-4b90-b3e8-a99045dff48a
25	2020-06-22	Premium	2021-06-22	2021-06-08	Basic	2022-06-08	f	0	86	a7c14b9a-f6d9-4003-b373-a36352f93aed
26	2022-07-26	Basic	2023-07-26	2023-01-11	Basic	2024-01-11	t	5	42	348898fd-91d4-469b-b5b0-389db82a0e61
27	2020-10-31	Basic	2021-10-31	2021-06-22	Basic	2022-06-22	f	0	42	7e372dd1-5dce-4d02-9871-c7981543d503
28	2021-09-28	Premium	2022-09-28	2021-11-20	VIP	2022-11-20	f	1	140	1cce1ba9-9a91-460d-9bf1-f35ff6135805
29	2021-08-23	Basic	2022-08-23	2021-11-08	Premium	2022-11-08	t	2	139	a12ba639-1545-4b90-b3e8-a99045dff48a
30	2021-09-16	Premium	2022-09-16	2021-12-08	VIP	2022-12-08	t	4	140	94797e81-01bb-4719-a625-5f4890199897
31	2022-06-07	Basic	2023-06-07	2022-09-15	VIP	2023-09-15	f	3	15	94657a21-def2-431d-af76-8ded30b8566f
32	2024-01-18	Basic	2025-01-17	2024-02-14	VIP	2025-02-13	f	2	72	5d57afbd-137b-4210-b95d-ff58cd46b238
33	2020-10-23	VIP	2021-10-23	2021-04-26	VIP	2022-04-26	f	3	79	266931a1-c773-447d-980d-f8ecae526f48
34	2020-04-24	Basic	2021-04-24	2021-03-27	Premium	2022-03-27	t	4	64	7e372dd1-5dce-4d02-9871-c7981543d503
35	2020-05-21	Premium	2021-05-21	2020-09-22	VIP	2021-09-22	t	2	55	a7c14b9a-f6d9-4003-b373-a36352f93aed
36	2022-11-19	VIP	2023-11-19	2023-02-10	Basic	2024-02-10	t	2	31	4b0547ed-2b76-438d-bbb4-470430366c93
37	2024-01-01	Basic	2024-12-31	2024-02-21	Premium	2025-02-20	f	4	79	0ed8e0d9-ad0f-4229-bf76-369c07680945
38	2024-02-25	Basic	2025-02-24	2024-04-16	Basic	2025-04-16	t	3	148	6a563d80-c038-448a-b7a4-c6ebeffaaa2b
39	2021-09-05	Premium	2022-09-05	2022-01-09	Premium	2023-01-09	t	4	146	5131d379-94ef-441a-af3a-70823aab4f24
40	2022-01-30	VIP	2023-01-30	2022-02-22	Basic	2023-02-22	f	2	24	a7c14b9a-f6d9-4003-b373-a36352f93aed
41	2021-12-19	Basic	2022-12-19	2022-02-06	Basic	2023-02-06	f	2	86	52489ccc-9541-4381-9e2a-3601b234273a
42	2022-01-31	VIP	2023-01-31	2022-02-23	Premium	2023-02-23	t	5	142	7d8b5929-13c1-43c5-9814-b30a2e29f28c
43	2020-10-25	Premium	2021-10-25	2020-12-04	VIP	2021-12-04	f	3	1	81aacf55-c416-4608-9003-a856323c4c9b
44	2024-03-25	VIP	2025-03-25	2025-01-11	Premium	2026-01-11	t	4	119	5d57afbd-137b-4210-b95d-ff58cd46b238
45	2023-03-20	Basic	2024-03-19	2023-07-11	VIP	2024-07-10	t	3	141	52489ccc-9541-4381-9e2a-3601b234273a
46	2023-09-08	Basic	2024-09-07	2024-07-09	Basic	2025-07-09	f	0	7	0ed8e0d9-ad0f-4229-bf76-369c07680945
47	2022-07-15	VIP	2023-07-15	2022-07-15	VIP	2023-07-15	f	0	67	81aacf55-c416-4608-9003-a856323c4c9b
48	2021-12-07	Basic	2022-12-07	2022-10-20	Basic	2023-10-20	f	1	143	5d57afbd-137b-4210-b95d-ff58cd46b238
49	2023-01-24	Premium	2024-01-24	2023-05-23	Premium	2024-05-22	f	2	5	4b0547ed-2b76-438d-bbb4-470430366c93
50	2020-07-13	Premium	2021-07-13	2021-03-23	VIP	2022-03-23	t	3	22	e7cd0a8f-ceab-423a-8952-e52eaf11e703
51	2021-09-10	Premium	2022-09-10	2021-11-26	Basic	2022-11-26	t	1	68	4b4c407e-967a-4073-9e15-d5b4c7ec3914
52	2022-08-25	Basic	2023-08-25	2023-05-23	Basic	2024-05-22	f	4	24	a30a968e-43b1-4b6e-af8e-d91d75fa0991
53	2022-03-08	Basic	2023-03-08	2022-11-24	Basic	2023-11-24	f	0	148	2aaa459e-a818-4e4e-a219-d5aac5ecc6d5
54	2020-02-16	Premium	2021-02-15	2020-03-10	Premium	2021-03-10	t	5	91	f649804b-1fd3-4a71-bf30-d6eaacee9f75
55	2022-08-26	Premium	2023-08-26	2023-02-12	Premium	2024-02-12	t	4	101	a7c14b9a-f6d9-4003-b373-a36352f93aed
56	2020-09-08	Premium	2021-09-08	2021-06-12	Basic	2022-06-12	f	1	95	cbfe3d39-0db4-46f7-8113-e6826c229165
57	2023-09-07	Basic	2024-09-06	2024-04-21	Basic	2025-04-21	f	3	141	7e372dd1-5dce-4d02-9871-c7981543d503
58	2020-09-15	Premium	2021-09-15	2021-08-25	Premium	2022-08-25	f	2	98	6211ac21-1604-43bb-b6e4-cedfd23a7e94
59	2021-10-17	VIP	2022-10-17	2022-02-05	Premium	2023-02-05	f	4	139	4b4c407e-967a-4073-9e15-d5b4c7ec3914
60	2020-02-16	Premium	2021-02-15	2020-02-16	Basic	2021-02-15	f	3	138	093e5143-9b15-4a56-bb96-46eceb227747
61	2022-07-22	VIP	2023-07-22	2023-04-21	Premium	2024-04-20	t	3	95	d0ce9751-dc8d-4f77-a56d-57a2c52ee956
62	2021-09-17	VIP	2022-09-17	2022-08-11	Basic	2023-08-11	f	1	134	94797e81-01bb-4719-a625-5f4890199897
63	2023-04-07	Basic	2024-04-06	2023-09-14	VIP	2024-09-13	t	0	33	4b4c407e-967a-4073-9e15-d5b4c7ec3914
64	2020-03-22	Basic	2021-03-22	2021-01-25	Premium	2022-01-25	t	3	3	8832d73c-4d79-4e0e-af75-8d6abf5516e7
65	2021-01-03	VIP	2022-01-03	2021-04-04	VIP	2022-04-04	f	1	10	f5d83edc-dad7-4083-afdd-9693a9d6632f
66	2020-09-06	Basic	2021-09-06	2021-08-11	VIP	2022-08-11	f	3	114	370aa232-6502-4058-88f7-d6e5e5292959
67	2022-01-26	Premium	2023-01-26	2022-04-30	Basic	2023-04-30	t	0	110	7e372dd1-5dce-4d02-9871-c7981543d503
68	2023-03-29	Premium	2024-03-28	2023-09-01	VIP	2024-08-31	t	4	82	a30a968e-43b1-4b6e-af8e-d91d75fa0991
69	2021-01-29	Premium	2022-01-29	2021-04-24	Premium	2022-04-24	f	4	143	1cce1ba9-9a91-460d-9bf1-f35ff6135805
70	2023-03-03	Premium	2024-03-02	2023-09-08	VIP	2024-09-07	t	3	11	81aacf55-c416-4608-9003-a856323c4c9b
71	2021-06-04	Premium	2022-06-04	2021-10-08	Basic	2022-10-08	t	5	68	7d8b5929-13c1-43c5-9814-b30a2e29f28c
72	2021-05-09	Premium	2022-05-09	2021-05-29	Basic	2022-05-29	f	2	22	7d8b5929-13c1-43c5-9814-b30a2e29f28c
73	2023-01-31	Basic	2024-01-31	2023-02-28	Basic	2024-02-28	t	3	58	093e5143-9b15-4a56-bb96-46eceb227747
74	2022-09-29	VIP	2023-09-29	2023-07-21	Basic	2024-07-20	t	4	72	7e372dd1-5dce-4d02-9871-c7981543d503
75	2020-07-03	Premium	2021-07-03	2020-07-25	Basic	2021-07-25	f	2	76	a7c14b9a-f6d9-4003-b373-a36352f93aed
76	2023-12-31	VIP	2024-12-30	2024-02-06	Premium	2025-02-05	t	5	68	f2f0ee53-a9db-4edd-96ba-c082e20b2f11
77	2021-07-09	Basic	2022-07-09	2022-06-14	Premium	2023-06-14	t	4	82	a7c14b9a-f6d9-4003-b373-a36352f93aed
78	2020-02-29	Basic	2021-02-28	2020-09-04	VIP	2021-09-04	t	5	149	6a563d80-c038-448a-b7a4-c6ebeffaaa2b
79	2020-09-12	VIP	2021-09-12	2021-08-12	Premium	2022-08-12	f	3	27	8832d73c-4d79-4e0e-af75-8d6abf5516e7
80	2020-07-02	Basic	2021-07-02	2020-08-16	Basic	2021-08-16	t	4	62	5131d379-94ef-441a-af3a-70823aab4f24
81	2023-06-10	Premium	2024-06-09	2024-02-05	Premium	2025-02-04	f	1	40	2d6b9f6e-c4ea-4a74-9838-8ea88f077d5f
82	2023-06-23	Basic	2024-06-22	2024-03-09	VIP	2025-03-09	t	3	77	0ed8e0d9-ad0f-4229-bf76-369c07680945
83	2022-01-05	Basic	2023-01-05	2022-01-13	Premium	2023-01-13	t	4	56	cbfe3d39-0db4-46f7-8113-e6826c229165
84	2021-09-18	VIP	2022-09-18	2022-09-03	Basic	2023-09-03	t	0	52	c0594995-ccdf-4dc6-b905-f252c667cfa5
85	2024-02-16	Premium	2025-02-15	2024-03-04	VIP	2025-03-04	t	1	142	7e372dd1-5dce-4d02-9871-c7981543d503
86	2024-06-15	Basic	2025-06-15	2025-02-02	VIP	2026-02-02	t	1	42	b83275c8-98ad-4350-ac9d-fafdf6e4cf7c
87	2020-12-15	VIP	2021-12-15	2021-08-10	VIP	2022-08-10	f	0	64	2d6b9f6e-c4ea-4a74-9838-8ea88f077d5f
88	2020-01-01	VIP	2020-12-31	2020-09-09	Basic	2021-09-09	t	3	143	a30a968e-43b1-4b6e-af8e-d91d75fa0991
89	2023-08-06	Basic	2024-08-05	2024-05-06	Premium	2025-05-06	t	2	44	16f47961-05b3-4699-88b3-410c9898fc73
90	2020-07-07	Premium	2021-07-07	2021-02-22	Premium	2022-02-22	t	1	150	87de3be3-754f-45d3-83de-2673392fe046
91	2023-12-15	Premium	2024-12-14	2023-12-19	Premium	2024-12-18	t	1	120	f649804b-1fd3-4a71-bf30-d6eaacee9f75
92	2022-12-18	VIP	2023-12-18	2023-01-04	Basic	2024-01-04	f	1	74	52489ccc-9541-4381-9e2a-3601b234273a
93	2024-01-03	VIP	2025-01-02	2024-12-19	VIP	2025-12-19	t	1	97	d0ce9751-dc8d-4f77-a56d-57a2c52ee956
94	2021-10-10	Basic	2022-10-10	2022-07-17	VIP	2023-07-17	f	3	57	7fda032f-a96f-42b6-b67a-65d3679904de
95	2020-01-08	Premium	2021-01-07	2020-08-07	Premium	2021-08-07	t	1	51	e7cd0a8f-ceab-423a-8952-e52eaf11e703
96	2023-12-29	Premium	2024-12-28	2024-11-21	Basic	2025-11-21	t	0	109	7fda032f-a96f-42b6-b67a-65d3679904de
97	2024-03-23	Premium	2025-03-23	2024-09-07	Premium	2025-09-07	f	4	140	a30a968e-43b1-4b6e-af8e-d91d75fa0991
98	2022-08-24	Premium	2023-08-24	2023-08-18	Basic	2024-08-17	f	3	107	8832d73c-4d79-4e0e-af75-8d6abf5516e7
99	2021-02-06	VIP	2022-02-06	2021-07-19	VIP	2022-07-19	f	4	120	a12ba639-1545-4b90-b3e8-a99045dff48a
100	2021-05-05	Basic	2022-05-05	2022-01-17	Basic	2023-01-17	t	0	133	f2f0ee53-a9db-4edd-96ba-c082e20b2f11
\.


--
-- Data for Name: gyms_owner; Type: TABLE DATA; Schema: public; Owner: postgres
--

COPY public.gyms_owner (owner_id, owner_name) FROM stdin;
1	Heather Jones
2	Deborah Cole
3	Andrew Smith
4	Brian Livingston
5	Daniel Sampson
6	Jacob Fox
7	Bryan Alexander
8	Brian Morris
9	Crystal Harris
10	Ashley Mueller
11	Breanna Turner
12	Lauren Tanner
13	Mrs. Angela Cole
14	Nicholas Buck
15	Amy Coleman
16	Christopher Shepherd
17	Eric Garrison
18	Mary Becker
19	Stacy Dawson
20	Pamela Zimmerman
21	Vickie Hart
22	Erica Goodman
23	Anthony Lozano
24	Bethany Anderson
25	Christine Porter
26	Sheena Hernandez MD
27	Sarah Miranda DVM
28	Brittany Adkins
29	Andrew Smith
30	Thomas Hunt
31	Lindsey Davila
32	Holly Stewart
33	Dr. Karen Griffith
34	Rachel Friedman
35	Christina Little
36	Kelsey Melendez
37	Thomas Lindsey
38	Christopher Garcia
39	Stacie Coffey
40	Gary Cunningham
41	Dillon Johnson
42	Stephen Smith
43	Don Adams
44	John Watkins
45	Patrick Ortega
46	Michael Ramirez
47	Mark Shea
48	Nancy Young
49	David Woods
50	David Mullins III
\.


--
-- Data for Name: gyms_personalinfo; Type: TABLE DATA; Schema: public; Owner: postgres
--

COPY public.gyms_personalinfo (personal_if, height, weight, medical_conditions, medications, frequency, types, intensity, goals, diet_habits, sleep_pattern, stress_level, smoking, smoking_amount, drinking, drinking_amount, body_fat_percentage, muscle_mass, basal_metabolic_rate, bmi, short_term_goals, long_term_goals, preferred_exercise_types, available_times, gym_member_if_id) FROM stdin;
1	198.59105614056847	72.95686747881614	None	None	7	Flexibility	Low	Improve endurance	Balanced diet	9+ hours	High	f	13	t	\N	21.946740122975392	71.24294269397538	1921.0475958108063	19.788556334090604	Run 5km without stopping	Complete a marathon	Running	Morning	1
2	181.38899420531573	50.21704437228997	None	None	6	Cardio	Low	Improve endurance	High protein	5-6 hours	Low	t	19	f	\N	18.785053762967035	57.74097824772242	1795.7139331143376	18.632813151920434	Run 5km without stopping	Complete a marathon	Yoga	Evening	2
3	151.19898934042718	55.73138309054383	None	None	2	Cardio	High	Gain muscle	Low carb	9+ hours	Low	t	20	f	\N	18.072652790368828	75.09088079767878	1536.2520982311949	25.608492923232838	Run 5km without stopping	Complete a marathon	Running	Morning	3
4	156.06290469202102	88.68400874107513	None	None	3	Strength	Moderate	Lose weight	Low carb	7-8 hours	High	f	\N	t	\N	20.24298966408057	60.986005020343455	1547.4045848592887	29.693276658362507	Run 5km without stopping	Complete a marathon	Weight lifting	Afternoon	4
5	185.9020450926778	65.19538512754102	None	None	4	Strength	High	Improve endurance	High protein	7-8 hours	Medium	t	11	f	\N	10.096839966913162	62.00922391314347	1750.0160452528607	19.436056581841274	Run 5km without stopping	Complete a marathon	Weight lifting	Afternoon	5
6	150.96990961974006	80.75159329971552	None	None	5	Strength	High	Improve endurance	Balanced diet	5-6 hours	Medium	f	\N	f	7	20.49940344165336	57.33979310537067	1573.965250402733	18.567343594312913	Run 5km without stopping	Complete a marathon	Running	Evening	6
7	167.21930998005558	73.59543728628535	None	None	6	Strength	Moderate	Improve endurance	Low carb	5-6 hours	Low	f	14	f	\N	23.066710880683868	70.91619527096555	1852.5769561756963	25.923131385671162	Run 5km without stopping	Complete a marathon	Weight lifting	Afternoon	7
8	197.56149917810978	88.90826921530127	None	None	2	Flexibility	High	Lose weight	High protein	9+ hours	Low	f	\N	t	\N	15.862454668579257	56.196136274207944	1523.7568762964413	28.0504290164098	Run 5km without stopping	Complete a marathon	Yoga	Afternoon	8
9	153.55393065100438	87.61808912838181	None	None	5	Flexibility	High	Improve endurance	Low carb	9+ hours	Medium	t	2	f	8	14.493036041418161	57.44851330349876	1284.7925809391536	26.262031765640742	Run 5km without stopping	Complete a marathon	Yoga	Afternoon	9
10	185.95138035966605	62.640101668699195	None	None	4	Cardio	Moderate	Gain muscle	Low carb	5-6 hours	Medium	f	8	f	7	20.283528770670955	75.14468097221217	1633.205846549838	21.624720643658744	Run 5km without stopping	Complete a marathon	Yoga	Afternoon	10
11	189.70107805927367	88.85963635000007	None	None	5	Flexibility	High	Lose weight	Balanced diet	5-6 hours	High	f	\N	t	2	22.296003970678058	79.03713306663717	1509.453546101828	27.871337707918087	Run 5km without stopping	Complete a marathon	Yoga	Morning	11
12	155.80270022557022	86.93270859203855	None	None	7	Strength	High	Improve endurance	Low carb	5-6 hours	High	f	9	t	\N	18.365024705896776	64.64388461815005	1391.6687779176843	25.863945056666466	Run 5km without stopping	Complete a marathon	Yoga	Evening	12
13	150.50517354081143	69.43674788837444	None	None	3	Strength	Moderate	Lose weight	Low carb	7-8 hours	Medium	t	\N	t	2	23.93595877320525	68.51031185543869	1379.8292459123743	19.68251761093575	Run 5km without stopping	Complete a marathon	Running	Morning	13
14	162.3875095678153	94.17019921943003	None	None	7	Cardio	High	Improve endurance	Balanced diet	7-8 hours	Medium	f	12	t	3	19.900707817849174	52.99593030924345	1932.903214529108	20.27774747900008	Run 5km without stopping	Complete a marathon	Yoga	Evening	14
15	194.3808792729218	99.43760178872193	None	None	2	Flexibility	High	Lose weight	High protein	7-8 hours	High	f	8	f	\N	13.75050336878672	62.50461910331113	1834.1242574699286	28.26035464955601	Run 5km without stopping	Complete a marathon	Yoga	Evening	15
16	178.93796848093973	92.93933219082689	None	None	1	Strength	Low	Improve endurance	Low carb	9+ hours	Medium	t	12	t	5	24.30910926278939	53.2390458258671	1994.3821433802757	28.237444985081023	Run 5km without stopping	Complete a marathon	Yoga	Afternoon	16
17	195.00426306430148	55.1349390710664	None	None	6	Cardio	Low	Lose weight	High protein	9+ hours	High	t	\N	f	\N	20.59482042895411	61.08447086305214	1220.5291838330031	28.895648222521494	Run 5km without stopping	Complete a marathon	Running	Evening	17
18	168.7464474024511	66.59519703424746	None	None	7	Flexibility	High	Gain muscle	Low carb	7-8 hours	Medium	f	\N	f	1	12.334116633403386	52.523722651022965	1808.3083204116015	27.969975055745227	Run 5km without stopping	Complete a marathon	Weight lifting	Morning	18
19	150.99160085876386	76.83970656194964	None	None	7	Strength	Low	Gain muscle	Low carb	5-6 hours	Low	t	2	f	4	10.546529750543348	57.17072413880089	1317.9533570597778	25.63768874766505	Run 5km without stopping	Complete a marathon	Running	Morning	19
20	173.0568420929864	76.44507486609362	None	None	4	Cardio	High	Improve endurance	Low carb	7-8 hours	High	t	16	f	\N	22.075075919538925	68.19458662730979	1719.6541322908074	28.213908268608535	Run 5km without stopping	Complete a marathon	Running	Evening	20
21	199.90815443954958	76.0556619212987	None	None	6	Flexibility	Low	Lose weight	Balanced diet	9+ hours	Low	t	\N	f	8	16.778916322491245	65.03760659118021	1568.0897300187453	25.697032025754844	Run 5km without stopping	Complete a marathon	Yoga	Afternoon	21
22	166.43619951587948	85.31024483633946	None	None	5	Cardio	Moderate	Improve endurance	Balanced diet	5-6 hours	Medium	t	\N	f	\N	17.494722230395183	61.190921000245346	1724.0295082831303	24.700956116451984	Run 5km without stopping	Complete a marathon	Weight lifting	Afternoon	22
23	198.1656951469685	72.50866548563634	None	None	5	Strength	Moderate	Gain muscle	Balanced diet	9+ hours	Medium	f	7	f	1	20.296442402598764	68.95659363677882	1962.1060513866255	25.130055065405717	Run 5km without stopping	Complete a marathon	Yoga	Afternoon	23
24	193.40523311166035	60.77173529018701	None	None	4	Flexibility	High	Lose weight	Balanced diet	9+ hours	High	f	\N	f	9	14.603697084139464	76.42200797051984	1397.3325800905957	24.677749465508423	Run 5km without stopping	Complete a marathon	Running	Afternoon	24
25	160.5410577591059	82.02386469828042	None	None	4	Flexibility	High	Gain muscle	High protein	7-8 hours	High	t	\N	t	9	15.062028559762691	51.190188972323604	1463.3586074094667	19.15312466473188	Run 5km without stopping	Complete a marathon	Weight lifting	Morning	25
26	190.6615435300339	57.49979268625878	None	None	2	Flexibility	Low	Gain muscle	High protein	7-8 hours	Medium	f	\N	f	5	16.048795219475565	59.75674720466298	1723.9563947302981	19.528063658169756	Run 5km without stopping	Complete a marathon	Yoga	Afternoon	26
27	194.02276379904006	56.62556747288003	None	None	7	Flexibility	High	Lose weight	Low carb	7-8 hours	Medium	f	\N	t	4	14.122268348399091	68.76195928005143	1265.684105558639	28.028139080006177	Run 5km without stopping	Complete a marathon	Running	Afternoon	27
28	150.00254272373977	53.92829806026116	None	None	5	Strength	Low	Improve endurance	Balanced diet	7-8 hours	High	f	\N	f	7	20.913609056722166	51.97368060308823	1669.119629743675	22.61024220664362	Run 5km without stopping	Complete a marathon	Running	Evening	28
29	197.21527029056	73.04958677316871	None	None	2	Cardio	Low	Lose weight	High protein	5-6 hours	Medium	f	\N	t	10	17.66588377439725	79.94158342245228	1261.4235016862208	23.21401403627565	Run 5km without stopping	Complete a marathon	Yoga	Afternoon	29
30	155.20344272974947	71.38421834232892	None	None	2	Strength	Moderate	Improve endurance	High protein	9+ hours	Medium	t	\N	t	\N	15.275965796885735	57.9343750033726	1745.5227358992652	28.181120197377936	Run 5km without stopping	Complete a marathon	Weight lifting	Evening	30
31	195.74038855812745	70.77049785101264	None	None	3	Flexibility	Moderate	Lose weight	Balanced diet	7-8 hours	Medium	t	\N	f	\N	21.452370938638403	75.44024030186347	1887.5584342403959	26.01763345067304	Run 5km without stopping	Complete a marathon	Running	Morning	31
32	177.80135919887638	51.602909861386976	None	None	7	Cardio	Moderate	Gain muscle	Low carb	5-6 hours	Low	t	5	t	5	15.658680215912716	55.92741775711083	1281.2662162087884	22.023595726808832	Run 5km without stopping	Complete a marathon	Yoga	Morning	32
33	181.49396737219573	80.97988548529335	None	None	3	Flexibility	Moderate	Gain muscle	Low carb	9+ hours	Medium	f	3	t	2	20.72550885795147	57.717820733147875	1677.1288801395408	20.72010824292242	Run 5km without stopping	Complete a marathon	Yoga	Morning	33
34	188.8815553533429	87.73272896898922	None	None	6	Flexibility	Low	Improve endurance	Low carb	5-6 hours	Medium	t	4	f	4	14.220646304787547	54.611172233455235	1959.4139924334117	24.897062200469247	Run 5km without stopping	Complete a marathon	Running	Morning	34
35	168.87420108738075	80.17069015472893	None	None	7	Flexibility	High	Lose weight	Balanced diet	7-8 hours	Low	t	2	f	\N	12.862952044295564	51.08325288300186	1885.1194221571604	27.0739726174523	Run 5km without stopping	Complete a marathon	Running	Afternoon	35
36	195.2295780482488	65.29616498299053	None	None	3	Strength	High	Lose weight	Low carb	9+ hours	Low	t	\N	t	\N	24.352499350741205	73.71682909141107	1938.2092704903232	24.546929298349138	Run 5km without stopping	Complete a marathon	Yoga	Morning	36
37	189.2176152009175	83.63620901737431	None	None	1	Cardio	Moderate	Lose weight	Low carb	7-8 hours	Low	f	\N	f	4	11.143911233994073	78.20599502268642	1324.2124274198359	20.12897573280921	Run 5km without stopping	Complete a marathon	Yoga	Evening	37
38	157.97952546220182	92.02823603937242	None	None	7	Flexibility	Low	Improve endurance	Low carb	9+ hours	High	f	19	t	\N	17.637387715377287	70.45761076509869	1436.981381540197	29.78472905061392	Run 5km without stopping	Complete a marathon	Yoga	Afternoon	38
39	160.89750011354107	86.03556574195822	None	None	4	Strength	Moderate	Lose weight	High protein	5-6 hours	High	t	\N	t	10	21.385542749679576	51.86843582146815	1837.2684217053722	29.107553615828465	Run 5km without stopping	Complete a marathon	Weight lifting	Afternoon	39
40	163.05251188462648	86.11931448934789	None	None	7	Cardio	High	Gain muscle	Balanced diet	9+ hours	Medium	f	12	f	7	21.058102220960645	68.76438310425972	1244.5545261262635	23.1885388550684	Run 5km without stopping	Complete a marathon	Weight lifting	Morning	40
41	183.794866772681	63.32297450840574	None	None	4	Cardio	High	Gain muscle	High protein	7-8 hours	Medium	t	\N	f	\N	21.225991407984893	65.09416441921711	1616.5009065901975	25.00687038433336	Run 5km without stopping	Complete a marathon	Yoga	Afternoon	41
42	155.16196262282241	64.98542572168812	None	None	4	Strength	Low	Improve endurance	Balanced diet	9+ hours	Medium	f	2	t	\N	10.0798296253449	69.9596842729609	1705.3310375849187	29.889869459979536	Run 5km without stopping	Complete a marathon	Weight lifting	Evening	42
43	171.43934087060703	73.11802028532125	None	None	6	Cardio	High	Gain muscle	Balanced diet	9+ hours	Low	t	18	t	8	15.887528746307549	68.07843378874381	1214.8236188677793	19.182134786349987	Run 5km without stopping	Complete a marathon	Weight lifting	Morning	43
44	168.67342506192557	52.71243986133874	None	None	2	Flexibility	Low	Lose weight	Low carb	9+ hours	Medium	t	\N	f	\N	15.559936567184286	68.66296956773266	1843.140299940249	25.675930827584985	Run 5km without stopping	Complete a marathon	Running	Morning	44
45	175.9141230292999	86.88466437187952	None	None	3	Cardio	High	Lose weight	Balanced diet	9+ hours	Medium	f	\N	f	\N	10.616908846482287	77.65055663331971	1780.432042002401	19.941952547536445	Run 5km without stopping	Complete a marathon	Yoga	Afternoon	45
46	193.82385665812322	81.88841038838999	None	None	5	Cardio	High	Gain muscle	Balanced diet	5-6 hours	Low	t	\N	f	6	19.735022050984114	58.80322821957915	1770.3021405802995	25.634057865809716	Run 5km without stopping	Complete a marathon	Yoga	Morning	46
47	190.1434751491805	71.7535097667622	None	None	1	Flexibility	Moderate	Lose weight	Balanced diet	9+ hours	Medium	f	\N	f	\N	19.031523117667483	73.1913226609317	1678.6253534341356	23.056316339043367	Run 5km without stopping	Complete a marathon	Weight lifting	Morning	47
48	177.39906070995954	70.99137683469785	None	None	4	Flexibility	High	Lose weight	Balanced diet	7-8 hours	High	f	\N	f	\N	20.991762140528124	60.420884988427694	1467.9570372988635	18.99250356219171	Run 5km without stopping	Complete a marathon	Running	Evening	48
49	178.05373567077663	96.90995538429802	None	None	1	Cardio	Moderate	Improve endurance	High protein	9+ hours	Medium	t	1	f	\N	15.008189222431774	68.41616836446147	1860.049722401174	26.41717468740443	Run 5km without stopping	Complete a marathon	Weight lifting	Evening	49
50	175.48814056723913	51.981569817815775	None	None	5	Flexibility	Low	Gain muscle	Balanced diet	9+ hours	Low	t	19	t	\N	23.66914737531478	72.89921897266345	1220.422633746514	22.493566202326623	Run 5km without stopping	Complete a marathon	Weight lifting	Afternoon	50
51	185.75233431100844	78.40128786339338	None	None	4	Cardio	High	Gain muscle	High protein	9+ hours	Low	f	\N	f	1	16.966600565594014	79.99218978279933	1625.365474057698	22.290142009102134	Run 5km without stopping	Complete a marathon	Yoga	Evening	51
52	179.37723257953857	90.34906741797141	None	None	3	Strength	High	Lose weight	Balanced diet	7-8 hours	Medium	f	\N	t	\N	21.49229553734618	78.62406296144181	1576.4670531717607	28.781751832285288	Run 5km without stopping	Complete a marathon	Weight lifting	Morning	52
53	186.93504925424733	89.08404249160506	None	None	2	Cardio	Low	Improve endurance	Balanced diet	5-6 hours	Low	f	\N	t	10	14.095605204246514	54.57524498758352	1374.0963474838165	22.713162224633702	Run 5km without stopping	Complete a marathon	Yoga	Morning	53
54	185.80982662985815	67.68317179310708	None	None	3	Cardio	High	Improve endurance	Low carb	9+ hours	Low	f	20	t	\N	14.490446836532747	74.77911724543145	1383.3119634699835	22.555339730440995	Run 5km without stopping	Complete a marathon	Weight lifting	Evening	54
55	162.0607145657308	90.01240059365865	None	None	3	Flexibility	Low	Gain muscle	High protein	9+ hours	Low	t	1	f	\N	16.531131326219114	59.36094261687547	1393.7776909781871	21.79194170979868	Run 5km without stopping	Complete a marathon	Running	Morning	55
56	187.7773855174862	57.193662071004276	None	None	5	Strength	High	Improve endurance	High protein	7-8 hours	Medium	f	12	f	3	23.719430922271478	75.03180467601453	1660.9089696303445	26.952701423332886	Run 5km without stopping	Complete a marathon	Yoga	Afternoon	56
57	174.64384967480325	70.88864995940824	None	None	6	Cardio	Moderate	Lose weight	High protein	5-6 hours	Medium	f	2	f	10	14.534346487431405	68.06327654643482	1789.5545405996543	26.4804561350145	Run 5km without stopping	Complete a marathon	Weight lifting	Morning	57
58	151.83942268333337	87.85959634993168	None	None	4	Cardio	Low	Improve endurance	High protein	9+ hours	Low	f	3	t	\N	18.603376191611666	58.95276542889155	1910.602395925071	28.693095046421572	Run 5km without stopping	Complete a marathon	Running	Morning	58
59	151.24576865339176	54.488577444848424	None	None	7	Cardio	Low	Gain muscle	Balanced diet	9+ hours	High	t	\N	f	\N	22.568773759030037	68.80437183658606	1870.8186739973191	23.696687246820396	Run 5km without stopping	Complete a marathon	Running	Morning	59
60	197.466136348813	62.32241181614057	None	None	3	Cardio	Low	Gain muscle	Low carb	9+ hours	High	t	16	f	6	12.55441487287129	74.62407466087006	1349.5826334404146	19.359157388214328	Run 5km without stopping	Complete a marathon	Yoga	Morning	60
61	159.36415742931732	65.79398735236165	None	None	3	Flexibility	Low	Improve endurance	High protein	5-6 hours	Low	t	\N	f	\N	19.47918673333473	54.475938247099876	1653.3386941256576	23.55905758459125	Run 5km without stopping	Complete a marathon	Weight lifting	Afternoon	61
62	156.14367889704846	81.75777620201977	None	None	5	Flexibility	Moderate	Improve endurance	Low carb	9+ hours	Low	f	8	f	3	23.3806827075749	52.85579727511964	1704.9593436758307	22.09289784364933	Run 5km without stopping	Complete a marathon	Weight lifting	Afternoon	62
63	184.29372619743202	83.98203720218513	None	None	7	Cardio	Moderate	Gain muscle	Balanced diet	7-8 hours	Low	f	4	t	10	14.758430522913788	66.255794728955	1232.4162963023268	21.54154083341783	Run 5km without stopping	Complete a marathon	Yoga	Morning	63
64	193.76983686067655	51.00416874610347	None	None	3	Flexibility	Moderate	Lose weight	Low carb	7-8 hours	High	t	7	f	\N	17.726077987128775	63.40747665459348	1438.841143696435	19.68520912423049	Run 5km without stopping	Complete a marathon	Weight lifting	Evening	64
65	195.12948568793513	65.5192326813405	None	None	4	Strength	High	Gain muscle	Low carb	5-6 hours	Medium	t	2	t	\N	15.506423859716868	56.52598098747629	1228.7264454395247	20.007648152578902	Run 5km without stopping	Complete a marathon	Yoga	Afternoon	65
66	183.65313805837332	61.71071002041107	None	None	6	Strength	High	Improve endurance	Low carb	9+ hours	Medium	f	\N	t	\N	22.78666182023339	53.46275579724449	1624.7096911009787	27.10389949047217	Run 5km without stopping	Complete a marathon	Yoga	Evening	66
67	151.21984505034007	52.99494198799461	None	None	2	Strength	Moderate	Improve endurance	Balanced diet	5-6 hours	Medium	t	7	t	0	16.267652244885	76.53752932191732	1213.1438418098703	19.684775968043127	Run 5km without stopping	Complete a marathon	Running	Evening	67
68	150.14820669956174	69.01626999744661	None	None	2	Strength	Moderate	Improve endurance	Low carb	7-8 hours	High	f	\N	t	7	24.641479566971086	60.427859499132836	1254.0576243326832	26.939486697491688	Run 5km without stopping	Complete a marathon	Yoga	Morning	68
69	184.79559249380952	82.11194831968518	None	None	1	Cardio	High	Improve endurance	High protein	5-6 hours	Low	f	\N	t	2	21.105019407472152	71.54017765795058	1594.6376978468247	27.451818795214976	Run 5km without stopping	Complete a marathon	Yoga	Afternoon	69
70	182.45142198949486	64.71010215799902	None	None	7	Strength	Low	Gain muscle	Balanced diet	9+ hours	High	f	\N	t	1	10.486159576819201	65.43285761621097	1648.8383315481037	28.576268690666218	Run 5km without stopping	Complete a marathon	Running	Evening	70
71	182.81438088225076	93.82857819981521	None	None	2	Flexibility	High	Gain muscle	Low carb	7-8 hours	Low	t	\N	f	0	10.309353479208534	66.31578794918552	1276.2722709667019	27.132327370286202	Run 5km without stopping	Complete a marathon	Yoga	Afternoon	71
72	188.38141681911506	79.59109161277871	None	None	5	Flexibility	Moderate	Gain muscle	High protein	7-8 hours	Medium	t	1	f	0	19.659836953594166	69.6245505666857	1990.6689403854816	29.036934901821752	Run 5km without stopping	Complete a marathon	Weight lifting	Afternoon	72
73	196.24483823129424	52.52293480934962	None	None	7	Cardio	Moderate	Gain muscle	Balanced diet	5-6 hours	High	f	0	t	\N	23.16145486184213	71.72391487992206	1999.394815073903	21.684246854497186	Run 5km without stopping	Complete a marathon	Running	Afternoon	73
74	186.39962374355565	90.63123321891474	None	None	2	Flexibility	Low	Gain muscle	High protein	9+ hours	High	t	12	t	7	15.219300089911856	73.49262041122785	1994.3767734952912	19.54122853359939	Run 5km without stopping	Complete a marathon	Yoga	Evening	74
75	178.28834064559155	83.23637128060084	None	None	1	Flexibility	Moderate	Lose weight	Low carb	5-6 hours	Low	t	20	t	9	18.92363778554114	72.66127418999862	1642.3414762200298	22.95231627874166	Run 5km without stopping	Complete a marathon	Weight lifting	Evening	75
76	154.32582118306186	68.93150548465452	None	None	4	Strength	Moderate	Improve endurance	High protein	5-6 hours	Low	f	\N	t	\N	16.011439856789824	72.94886391522827	1692.2179661738173	24.825834050006925	Run 5km without stopping	Complete a marathon	Running	Evening	76
77	189.20976387179667	97.50809595047556	None	None	7	Cardio	High	Improve endurance	Balanced diet	5-6 hours	High	f	\N	f	10	16.08695708792946	78.7333814063471	1433.3443938018743	20.884235906459175	Run 5km without stopping	Complete a marathon	Yoga	Afternoon	77
78	175.25038976325817	53.305976846002665	None	None	5	Strength	Moderate	Gain muscle	High protein	5-6 hours	High	t	7	f	\N	19.156854944963715	68.37917238814687	1727.2851256515105	18.76529031807375	Run 5km without stopping	Complete a marathon	Yoga	Morning	78
79	173.6733235002054	91.73605009074501	None	None	2	Flexibility	Low	Improve endurance	High protein	9+ hours	High	f	11	f	\N	10.056323291153069	73.96885042948547	1734.0492984901853	19.716744342809342	Run 5km without stopping	Complete a marathon	Weight lifting	Evening	79
80	195.61023934789495	81.067953543154	None	None	2	Strength	Moderate	Improve endurance	Balanced diet	9+ hours	Medium	t	6	f	\N	23.496544965790754	51.67290801839512	1668.4268628556613	18.50484994060171	Run 5km without stopping	Complete a marathon	Running	Morning	80
81	179.9127776503949	51.01768503681229	None	None	3	Cardio	Low	Lose weight	Balanced diet	7-8 hours	Low	f	2	f	3	18.495202319931224	67.08657240439405	1914.3140453039614	21.06493160347682	Run 5km without stopping	Complete a marathon	Weight lifting	Afternoon	81
82	197.46103070909714	62.96939685269645	None	None	1	Flexibility	Moderate	Gain muscle	Balanced diet	9+ hours	Low	t	\N	f	\N	22.559842491965107	62.8775510517904	1878.1389963461575	22.485695031935904	Run 5km without stopping	Complete a marathon	Yoga	Evening	82
83	193.22957482250513	83.69134089275781	None	None	3	Cardio	High	Lose weight	Low carb	7-8 hours	Medium	f	\N	f	5	20.840435181865573	76.06621416461311	1353.3811264442124	21.461985838363013	Run 5km without stopping	Complete a marathon	Running	Evening	83
84	189.606690857634	82.04818265214757	None	None	1	Flexibility	High	Lose weight	Low carb	7-8 hours	High	t	\N	t	\N	16.068694701762766	67.71115150308948	1241.4827732028043	18.74738986413404	Run 5km without stopping	Complete a marathon	Weight lifting	Afternoon	84
85	173.44191555647478	51.136521453707026	None	None	1	Cardio	Moderate	Improve endurance	Balanced diet	5-6 hours	High	t	\N	t	\N	18.602644519947038	72.0074795737998	1791.9016364697436	19.048814412258327	Run 5km without stopping	Complete a marathon	Running	Evening	85
86	177.78488666953857	78.18465499188042	None	None	6	Cardio	Moderate	Gain muscle	High protein	5-6 hours	High	t	\N	t	\N	21.06241522196197	77.84418924043521	1233.6203668411822	28.80153109787301	Run 5km without stopping	Complete a marathon	Weight lifting	Evening	86
87	194.9959511827148	84.58818339237327	None	None	6	Cardio	Low	Improve endurance	Balanced diet	7-8 hours	High	t	2	f	9	13.132097123465154	63.906185542300236	1397.8503846979575	28.296147507866735	Run 5km without stopping	Complete a marathon	Yoga	Evening	87
88	174.0841564954905	91.43414221227835	None	None	6	Cardio	Low	Gain muscle	High protein	9+ hours	Medium	f	\N	t	\N	10.718003901560449	65.57493715164287	1946.4569141868	20.466580906423374	Run 5km without stopping	Complete a marathon	Running	Morning	88
89	173.5702149110639	56.120947377261245	None	None	3	Strength	Low	Gain muscle	High protein	9+ hours	High	t	11	t	5	15.66762417099533	51.13941351798482	1382.6977176105265	28.633361541749878	Run 5km without stopping	Complete a marathon	Weight lifting	Evening	89
90	194.90117249225256	81.70887718874314	None	None	3	Flexibility	Low	Improve endurance	Low carb	5-6 hours	Medium	t	17	f	9	19.864412463568257	74.64638989986844	1858.6629691716798	28.73734425438895	Run 5km without stopping	Complete a marathon	Running	Morning	90
91	154.7314766315783	57.68263882311213	None	None	3	Flexibility	High	Gain muscle	High protein	7-8 hours	Low	f	\N	f	\N	23.15698081161119	68.66212119943788	1384.8385095104559	22.457212558045892	Run 5km without stopping	Complete a marathon	Weight lifting	Morning	91
92	198.56630018019416	77.28502178785979	None	None	6	Strength	High	Lose weight	High protein	7-8 hours	Medium	f	7	t	\N	12.775988567748726	57.96052562327014	1612.7978911523885	26.287089094133645	Run 5km without stopping	Complete a marathon	Weight lifting	Afternoon	92
93	161.84575510559972	77.74247148516142	None	None	5	Strength	Low	Lose weight	Low carb	9+ hours	Medium	t	\N	f	\N	22.0203685928616	51.455905358300804	1662.6668622127982	27.261116451031953	Run 5km without stopping	Complete a marathon	Yoga	Evening	93
94	156.3099113425183	84.37926255795621	None	None	5	Cardio	Low	Improve endurance	Low carb	5-6 hours	High	f	17	f	8	13.158975482693881	64.92066457610818	1376.3253684285912	29.94158959372775	Run 5km without stopping	Complete a marathon	Running	Morning	94
95	196.2251719841634	99.78206438335916	None	None	1	Flexibility	Low	Lose weight	Low carb	7-8 hours	Medium	f	15	f	3	24.261268964617045	56.27733926164639	1371.0562905853044	27.50027863971205	Run 5km without stopping	Complete a marathon	Yoga	Afternoon	95
96	183.74394579661808	79.3450658556595	None	None	3	Cardio	Moderate	Gain muscle	Balanced diet	9+ hours	Medium	t	10	f	9	20.421685946603127	54.78139070298604	1464.5660706523065	26.02068667314908	Run 5km without stopping	Complete a marathon	Weight lifting	Evening	96
97	182.65048048181205	88.74983146066324	None	None	3	Strength	Moderate	Lose weight	Balanced diet	5-6 hours	High	t	2	f	\N	18.538609761888637	71.18519907460407	1753.0792738299028	24.711703392133984	Run 5km without stopping	Complete a marathon	Yoga	Morning	97
98	186.7144921342463	74.14388834728594	None	None	7	Strength	High	Lose weight	Low carb	7-8 hours	Medium	t	\N	f	\N	11.959117689339301	56.92452798154201	1551.9435087089391	22.10211319027515	Run 5km without stopping	Complete a marathon	Weight lifting	Afternoon	98
99	190.14481975418906	92.7747918067039	None	None	6	Flexibility	Moderate	Improve endurance	High protein	7-8 hours	High	f	15	t	\N	15.351305971765884	52.85700389721867	1547.7003322881478	22.419240764151716	Run 5km without stopping	Complete a marathon	Running	Evening	99
100	154.0461556725908	72.24624725597528	None	None	3	Cardio	Low	Gain muscle	High protein	5-6 hours	Low	t	6	f	\N	15.79813167708664	79.33801631323956	1257.9031684335046	19.88880841419194	Run 5km without stopping	Complete a marathon	Weight lifting	Afternoon	100
\.


--
-- Data for Name: gyms_pt; Type: TABLE DATA; Schema: public; Owner: postgres
--

COPY public.gyms_pt (pt_id, member_name, registration_date, pt_end_date, duration, member_id, trainer_id) FROM stdin;
\.


--
-- Data for Name: gyms_trainer; Type: TABLE DATA; Schema: public; Owner: postgres
--

COPY public.gyms_trainer (trainer_id, trainer_name, certificate, trainer_image, gym_id, owner_id) FROM stdin;
\.


--
-- Data for Name: visitlogs_visitlog; Type: TABLE DATA; Schema: public; Owner: postgres
--

COPY public.visitlogs_visitlog (visitlog_id, nfc_uid, enter_time, exit_time, fields, member_id) FROM stdin;
\.


--
-- Name: account_customuser_groups_id_seq; Type: SEQUENCE SET; Schema: public; Owner: postgres
--

SELECT pg_catalog.setval('public.account_customuser_groups_id_seq', 1, false);


--
-- Name: account_customuser_id_seq; Type: SEQUENCE SET; Schema: public; Owner: postgres
--

SELECT pg_catalog.setval('public.account_customuser_id_seq', 55, true);


--
-- Name: account_customuser_user_permissions_id_seq; Type: SEQUENCE SET; Schema: public; Owner: postgres
--

SELECT pg_catalog.setval('public.account_customuser_user_permissions_id_seq', 1, false);


--
-- Name: auth_group_id_seq; Type: SEQUENCE SET; Schema: public; Owner: postgres
--

SELECT pg_catalog.setval('public.auth_group_id_seq', 1, false);


--
-- Name: auth_group_permissions_id_seq; Type: SEQUENCE SET; Schema: public; Owner: postgres
--

SELECT pg_catalog.setval('public.auth_group_permissions_id_seq', 1, false);


--
-- Name: auth_permission_id_seq; Type: SEQUENCE SET; Schema: public; Owner: postgres
--

SELECT pg_catalog.setval('public.auth_permission_id_seq', 76, true);


--
-- Name: chat_chatroom_chatroom_id_seq; Type: SEQUENCE SET; Schema: public; Owner: postgres
--

SELECT pg_catalog.setval('public.chat_chatroom_chatroom_id_seq', 1, false);


--
-- Name: chat_message_message_id_seq; Type: SEQUENCE SET; Schema: public; Owner: postgres
--

SELECT pg_catalog.setval('public.chat_message_message_id_seq', 1, false);


--
-- Name: dataanalysis_dataanalysis_analysis_id_seq; Type: SEQUENCE SET; Schema: public; Owner: postgres
--

SELECT pg_catalog.setval('public.dataanalysis_dataanalysis_analysis_id_seq', 1, false);


--
-- Name: django_admin_log_id_seq; Type: SEQUENCE SET; Schema: public; Owner: postgres
--

SELECT pg_catalog.setval('public.django_admin_log_id_seq', 1, false);


--
-- Name: django_content_type_id_seq; Type: SEQUENCE SET; Schema: public; Owner: postgres
--

SELECT pg_catalog.setval('public.django_content_type_id_seq', 19, true);


--
-- Name: django_migrations_id_seq; Type: SEQUENCE SET; Schema: public; Owner: postgres
--

SELECT pg_catalog.setval('public.django_migrations_id_seq', 31, true);


--
-- Name: equipment_equipment_equipment_id_seq; Type: SEQUENCE SET; Schema: public; Owner: postgres
--

SELECT pg_catalog.setval('public.equipment_equipment_equipment_id_seq', 6, true);


--
-- Name: equipment_equipmentinuse_use_equip_id_seq; Type: SEQUENCE SET; Schema: public; Owner: postgres
--

SELECT pg_catalog.setval('public.equipment_equipmentinuse_use_equip_id_seq', 1, false);


--
-- Name: equipment_equipmentreservation_res_id_seq; Type: SEQUENCE SET; Schema: public; Owner: postgres
--

SELECT pg_catalog.setval('public.equipment_equipmentreservation_res_id_seq', 10, true);


--
-- Name: gyms_gym_gym_id_seq; Type: SEQUENCE SET; Schema: public; Owner: postgres
--

SELECT pg_catalog.setval('public.gyms_gym_gym_id_seq', 150, true);


--
-- Name: gyms_gymmember_member_id_seq; Type: SEQUENCE SET; Schema: public; Owner: postgres
--

SELECT pg_catalog.setval('public.gyms_gymmember_member_id_seq', 100, true);


--
-- Name: gyms_owner_owner_id_seq; Type: SEQUENCE SET; Schema: public; Owner: postgres
--

SELECT pg_catalog.setval('public.gyms_owner_owner_id_seq', 50, true);


--
-- Name: gyms_personalinfo_personal_if_seq; Type: SEQUENCE SET; Schema: public; Owner: postgres
--

SELECT pg_catalog.setval('public.gyms_personalinfo_personal_if_seq', 100, true);


--
-- Name: gyms_pt_pt_id_seq; Type: SEQUENCE SET; Schema: public; Owner: postgres
--

SELECT pg_catalog.setval('public.gyms_pt_pt_id_seq', 1, false);


--
-- Name: gyms_trainer_trainer_id_seq; Type: SEQUENCE SET; Schema: public; Owner: postgres
--

SELECT pg_catalog.setval('public.gyms_trainer_trainer_id_seq', 1, false);


--
-- Name: visitlogs_visitlog_visitlog_id_seq; Type: SEQUENCE SET; Schema: public; Owner: postgres
--

SELECT pg_catalog.setval('public.visitlogs_visitlog_visitlog_id_seq', 1, false);


--
-- Name: account_customuser account_customuser_email_key; Type: CONSTRAINT; Schema: public; Owner: postgres
--

ALTER TABLE ONLY public.account_customuser
    ADD CONSTRAINT account_customuser_email_key UNIQUE (email);


--
-- Name: account_customuser_groups account_customuser_groups_customuser_id_group_id_7e51db7b_uniq; Type: CONSTRAINT; Schema: public; Owner: postgres
--

ALTER TABLE ONLY public.account_customuser_groups
    ADD CONSTRAINT account_customuser_groups_customuser_id_group_id_7e51db7b_uniq UNIQUE (customuser_id, group_id);


--
-- Name: account_customuser_groups account_customuser_groups_pkey; Type: CONSTRAINT; Schema: public; Owner: postgres
--

ALTER TABLE ONLY public.account_customuser_groups
    ADD CONSTRAINT account_customuser_groups_pkey PRIMARY KEY (id);


--
-- Name: account_customuser account_customuser_nfc_uid_key; Type: CONSTRAINT; Schema: public; Owner: postgres
--

ALTER TABLE ONLY public.account_customuser
    ADD CONSTRAINT account_customuser_nfc_uid_key UNIQUE (nfc_uid);


--
-- Name: account_customuser account_customuser_nickname_key; Type: CONSTRAINT; Schema: public; Owner: postgres
--

ALTER TABLE ONLY public.account_customuser
    ADD CONSTRAINT account_customuser_nickname_key UNIQUE (nickname);


--
-- Name: account_customuser account_customuser_phone_number_key; Type: CONSTRAINT; Schema: public; Owner: postgres
--

ALTER TABLE ONLY public.account_customuser
    ADD CONSTRAINT account_customuser_phone_number_key UNIQUE (phone_number);


--
-- Name: account_customuser account_customuser_pkey; Type: CONSTRAINT; Schema: public; Owner: postgres
--

ALTER TABLE ONLY public.account_customuser
    ADD CONSTRAINT account_customuser_pkey PRIMARY KEY ("user");


--
-- Name: account_customuser_user_permissions account_customuser_user__customuser_id_permission_650e378f_uniq; Type: CONSTRAINT; Schema: public; Owner: postgres
--

ALTER TABLE ONLY public.account_customuser_user_permissions
    ADD CONSTRAINT account_customuser_user__customuser_id_permission_650e378f_uniq UNIQUE (customuser_id, permission_id);


--
-- Name: account_customuser_user_permissions account_customuser_user_permissions_pkey; Type: CONSTRAINT; Schema: public; Owner: postgres
--

ALTER TABLE ONLY public.account_customuser_user_permissions
    ADD CONSTRAINT account_customuser_user_permissions_pkey PRIMARY KEY (id);


--
-- Name: account_customuser account_customuser_username_key; Type: CONSTRAINT; Schema: public; Owner: postgres
--

ALTER TABLE ONLY public.account_customuser
    ADD CONSTRAINT account_customuser_username_key UNIQUE (username);


--
-- Name: auth_group auth_group_name_key; Type: CONSTRAINT; Schema: public; Owner: postgres
--

ALTER TABLE ONLY public.auth_group
    ADD CONSTRAINT auth_group_name_key UNIQUE (name);


--
-- Name: auth_group_permissions auth_group_permissions_group_id_permission_id_0cd325b0_uniq; Type: CONSTRAINT; Schema: public; Owner: postgres
--

ALTER TABLE ONLY public.auth_group_permissions
    ADD CONSTRAINT auth_group_permissions_group_id_permission_id_0cd325b0_uniq UNIQUE (group_id, permission_id);


--
-- Name: auth_group_permissions auth_group_permissions_pkey; Type: CONSTRAINT; Schema: public; Owner: postgres
--

ALTER TABLE ONLY public.auth_group_permissions
    ADD CONSTRAINT auth_group_permissions_pkey PRIMARY KEY (id);


--
-- Name: auth_group auth_group_pkey; Type: CONSTRAINT; Schema: public; Owner: postgres
--

ALTER TABLE ONLY public.auth_group
    ADD CONSTRAINT auth_group_pkey PRIMARY KEY (id);


--
-- Name: auth_permission auth_permission_content_type_id_codename_01ab375a_uniq; Type: CONSTRAINT; Schema: public; Owner: postgres
--

ALTER TABLE ONLY public.auth_permission
    ADD CONSTRAINT auth_permission_content_type_id_codename_01ab375a_uniq UNIQUE (content_type_id, codename);


--
-- Name: auth_permission auth_permission_pkey; Type: CONSTRAINT; Schema: public; Owner: postgres
--

ALTER TABLE ONLY public.auth_permission
    ADD CONSTRAINT auth_permission_pkey PRIMARY KEY (id);


--
-- Name: chat_chatroom chat_chatroom_pkey; Type: CONSTRAINT; Schema: public; Owner: postgres
--

ALTER TABLE ONLY public.chat_chatroom
    ADD CONSTRAINT chat_chatroom_pkey PRIMARY KEY (chatroom_id);


--
-- Name: chat_message chat_message_pkey; Type: CONSTRAINT; Schema: public; Owner: postgres
--

ALTER TABLE ONLY public.chat_message
    ADD CONSTRAINT chat_message_pkey PRIMARY KEY (message_id);


--
-- Name: dataanalysis_dataanalysis dataanalysis_dataanalysis_pkey; Type: CONSTRAINT; Schema: public; Owner: postgres
--

ALTER TABLE ONLY public.dataanalysis_dataanalysis
    ADD CONSTRAINT dataanalysis_dataanalysis_pkey PRIMARY KEY (analysis_id);


--
-- Name: django_admin_log django_admin_log_pkey; Type: CONSTRAINT; Schema: public; Owner: postgres
--

ALTER TABLE ONLY public.django_admin_log
    ADD CONSTRAINT django_admin_log_pkey PRIMARY KEY (id);


--
-- Name: django_content_type django_content_type_app_label_model_76bd3d3b_uniq; Type: CONSTRAINT; Schema: public; Owner: postgres
--

ALTER TABLE ONLY public.django_content_type
    ADD CONSTRAINT django_content_type_app_label_model_76bd3d3b_uniq UNIQUE (app_label, model);


--
-- Name: django_content_type django_content_type_pkey; Type: CONSTRAINT; Schema: public; Owner: postgres
--

ALTER TABLE ONLY public.django_content_type
    ADD CONSTRAINT django_content_type_pkey PRIMARY KEY (id);


--
-- Name: django_migrations django_migrations_pkey; Type: CONSTRAINT; Schema: public; Owner: postgres
--

ALTER TABLE ONLY public.django_migrations
    ADD CONSTRAINT django_migrations_pkey PRIMARY KEY (id);


--
-- Name: django_session django_session_pkey; Type: CONSTRAINT; Schema: public; Owner: postgres
--

ALTER TABLE ONLY public.django_session
    ADD CONSTRAINT django_session_pkey PRIMARY KEY (session_key);


--
-- Name: equipment_equipment equipment_equipment_pkey; Type: CONSTRAINT; Schema: public; Owner: postgres
--

ALTER TABLE ONLY public.equipment_equipment
    ADD CONSTRAINT equipment_equipment_pkey PRIMARY KEY (equipment_id);


--
-- Name: equipment_equipmentinuse equipment_equipmentinuse_pkey; Type: CONSTRAINT; Schema: public; Owner: postgres
--

ALTER TABLE ONLY public.equipment_equipmentinuse
    ADD CONSTRAINT equipment_equipmentinuse_pkey PRIMARY KEY (use_equip_id);


--
-- Name: equipment_equipmentreservation equipment_equipmentreservation_pkey; Type: CONSTRAINT; Schema: public; Owner: postgres
--

ALTER TABLE ONLY public.equipment_equipmentreservation
    ADD CONSTRAINT equipment_equipmentreservation_pkey PRIMARY KEY (res_id);


--
-- Name: gyms_gym gyms_gym_pkey; Type: CONSTRAINT; Schema: public; Owner: postgres
--

ALTER TABLE ONLY public.gyms_gym
    ADD CONSTRAINT gyms_gym_pkey PRIMARY KEY (gym_id);


--
-- Name: gyms_gymmember gyms_gymmember_pkey; Type: CONSTRAINT; Schema: public; Owner: postgres
--

ALTER TABLE ONLY public.gyms_gymmember
    ADD CONSTRAINT gyms_gymmember_pkey PRIMARY KEY (member_id);


--
-- Name: gyms_owner gyms_owner_pkey; Type: CONSTRAINT; Schema: public; Owner: postgres
--

ALTER TABLE ONLY public.gyms_owner
    ADD CONSTRAINT gyms_owner_pkey PRIMARY KEY (owner_id);


--
-- Name: gyms_personalinfo gyms_personalinfo_gym_member_if_id_key; Type: CONSTRAINT; Schema: public; Owner: postgres
--

ALTER TABLE ONLY public.gyms_personalinfo
    ADD CONSTRAINT gyms_personalinfo_gym_member_if_id_key UNIQUE (gym_member_if_id);


--
-- Name: gyms_personalinfo gyms_personalinfo_pkey; Type: CONSTRAINT; Schema: public; Owner: postgres
--

ALTER TABLE ONLY public.gyms_personalinfo
    ADD CONSTRAINT gyms_personalinfo_pkey PRIMARY KEY (personal_if);


--
-- Name: gyms_pt gyms_pt_pkey; Type: CONSTRAINT; Schema: public; Owner: postgres
--

ALTER TABLE ONLY public.gyms_pt
    ADD CONSTRAINT gyms_pt_pkey PRIMARY KEY (pt_id);


--
-- Name: gyms_trainer gyms_trainer_pkey; Type: CONSTRAINT; Schema: public; Owner: postgres
--

ALTER TABLE ONLY public.gyms_trainer
    ADD CONSTRAINT gyms_trainer_pkey PRIMARY KEY (trainer_id);


--
-- Name: visitlogs_visitlog visitlogs_visitlog_pkey; Type: CONSTRAINT; Schema: public; Owner: postgres
--

ALTER TABLE ONLY public.visitlogs_visitlog
    ADD CONSTRAINT visitlogs_visitlog_pkey PRIMARY KEY (visitlog_id);


--
-- Name: account_customuser_email_a15d8618_like; Type: INDEX; Schema: public; Owner: postgres
--

CREATE INDEX account_customuser_email_a15d8618_like ON public.account_customuser USING btree (email varchar_pattern_ops);


--
-- Name: account_customuser_groups_customuser_id_b6c60904; Type: INDEX; Schema: public; Owner: postgres
--

CREATE INDEX account_customuser_groups_customuser_id_b6c60904 ON public.account_customuser_groups USING btree (customuser_id);


--
-- Name: account_customuser_groups_group_id_2be9f6d7; Type: INDEX; Schema: public; Owner: postgres
--

CREATE INDEX account_customuser_groups_group_id_2be9f6d7 ON public.account_customuser_groups USING btree (group_id);


--
-- Name: account_customuser_nickname_4ba9d589_like; Type: INDEX; Schema: public; Owner: postgres
--

CREATE INDEX account_customuser_nickname_4ba9d589_like ON public.account_customuser USING btree (nickname varchar_pattern_ops);


--
-- Name: account_customuser_phone_number_032097ad_like; Type: INDEX; Schema: public; Owner: postgres
--

CREATE INDEX account_customuser_phone_number_032097ad_like ON public.account_customuser USING btree (phone_number varchar_pattern_ops);


--
-- Name: account_customuser_user_permissions_customuser_id_03bcc114; Type: INDEX; Schema: public; Owner: postgres
--

CREATE INDEX account_customuser_user_permissions_customuser_id_03bcc114 ON public.account_customuser_user_permissions USING btree (customuser_id);


--
-- Name: account_customuser_user_permissions_permission_id_f4aec423; Type: INDEX; Schema: public; Owner: postgres
--

CREATE INDEX account_customuser_user_permissions_permission_id_f4aec423 ON public.account_customuser_user_permissions USING btree (permission_id);


--
-- Name: account_customuser_username_724ae020_like; Type: INDEX; Schema: public; Owner: postgres
--

CREATE INDEX account_customuser_username_724ae020_like ON public.account_customuser USING btree (username varchar_pattern_ops);


--
-- Name: auth_group_name_a6ea08ec_like; Type: INDEX; Schema: public; Owner: postgres
--

CREATE INDEX auth_group_name_a6ea08ec_like ON public.auth_group USING btree (name varchar_pattern_ops);


--
-- Name: auth_group_permissions_group_id_b120cbf9; Type: INDEX; Schema: public; Owner: postgres
--

CREATE INDEX auth_group_permissions_group_id_b120cbf9 ON public.auth_group_permissions USING btree (group_id);


--
-- Name: auth_group_permissions_permission_id_84c5c92e; Type: INDEX; Schema: public; Owner: postgres
--

CREATE INDEX auth_group_permissions_permission_id_84c5c92e ON public.auth_group_permissions USING btree (permission_id);


--
-- Name: auth_permission_content_type_id_2f476e4b; Type: INDEX; Schema: public; Owner: postgres
--

CREATE INDEX auth_permission_content_type_id_2f476e4b ON public.auth_permission USING btree (content_type_id);


--
-- Name: chat_chatroom_user1_id_8058b223; Type: INDEX; Schema: public; Owner: postgres
--

CREATE INDEX chat_chatroom_user1_id_8058b223 ON public.chat_chatroom USING btree (user1_id);


--
-- Name: chat_chatroom_user2_id_72f3f217; Type: INDEX; Schema: public; Owner: postgres
--

CREATE INDEX chat_chatroom_user2_id_72f3f217 ON public.chat_chatroom USING btree (user2_id);


--
-- Name: chat_message_chatroom_id_15b7e6f3; Type: INDEX; Schema: public; Owner: postgres
--

CREATE INDEX chat_message_chatroom_id_15b7e6f3 ON public.chat_message USING btree (chatroom_id);


--
-- Name: chat_message_sender_id_991c686c; Type: INDEX; Schema: public; Owner: postgres
--

CREATE INDEX chat_message_sender_id_991c686c ON public.chat_message USING btree (sender_id);


--
-- Name: dataanalysis_dataanalysis_equipment_id_9ed95894; Type: INDEX; Schema: public; Owner: postgres
--

CREATE INDEX dataanalysis_dataanalysis_equipment_id_9ed95894 ON public.dataanalysis_dataanalysis USING btree (equipment_id);


--
-- Name: dataanalysis_dataanalysis_member_id_c23c1485; Type: INDEX; Schema: public; Owner: postgres
--

CREATE INDEX dataanalysis_dataanalysis_member_id_c23c1485 ON public.dataanalysis_dataanalysis USING btree (member_id);


--
-- Name: dataanalysis_dataanalysis_user_id_306505e9; Type: INDEX; Schema: public; Owner: postgres
--

CREATE INDEX dataanalysis_dataanalysis_user_id_306505e9 ON public.dataanalysis_dataanalysis USING btree (user_id);


--
-- Name: django_admin_log_content_type_id_c4bce8eb; Type: INDEX; Schema: public; Owner: postgres
--

CREATE INDEX django_admin_log_content_type_id_c4bce8eb ON public.django_admin_log USING btree (content_type_id);


--
-- Name: django_admin_log_user_id_c564eba6; Type: INDEX; Schema: public; Owner: postgres
--

CREATE INDEX django_admin_log_user_id_c564eba6 ON public.django_admin_log USING btree (user_id);


--
-- Name: django_session_expire_date_a5c62663; Type: INDEX; Schema: public; Owner: postgres
--

CREATE INDEX django_session_expire_date_a5c62663 ON public.django_session USING btree (expire_date);


--
-- Name: django_session_session_key_c0390e0f_like; Type: INDEX; Schema: public; Owner: postgres
--

CREATE INDEX django_session_session_key_c0390e0f_like ON public.django_session USING btree (session_key varchar_pattern_ops);


--
-- Name: equipment_equipment_user_id_31e548e1; Type: INDEX; Schema: public; Owner: postgres
--

CREATE INDEX equipment_equipment_user_id_31e548e1 ON public.equipment_equipment USING btree (user_id);


--
-- Name: equipment_equipmentinuse_equipment_id_640521f1; Type: INDEX; Schema: public; Owner: postgres
--

CREATE INDEX equipment_equipmentinuse_equipment_id_640521f1 ON public.equipment_equipmentinuse USING btree (equipment_id);


--
-- Name: equipment_equipmentinuse_user_id_cd508a1a; Type: INDEX; Schema: public; Owner: postgres
--

CREATE INDEX equipment_equipmentinuse_user_id_cd508a1a ON public.equipment_equipmentinuse USING btree (user_id);


--
-- Name: equipment_equipmentreservation_equipment_id_ea77ca46; Type: INDEX; Schema: public; Owner: postgres
--

CREATE INDEX equipment_equipmentreservation_equipment_id_ea77ca46 ON public.equipment_equipmentreservation USING btree (equipment_id);


--
-- Name: gyms_gym_owner_id_6b8d289f; Type: INDEX; Schema: public; Owner: postgres
--

CREATE INDEX gyms_gym_owner_id_6b8d289f ON public.gyms_gym USING btree (owner_id);


--
-- Name: gyms_gymmember_gym_id_60fad1de; Type: INDEX; Schema: public; Owner: postgres
--

CREATE INDEX gyms_gymmember_gym_id_60fad1de ON public.gyms_gymmember USING btree (gym_id);


--
-- Name: gyms_gymmember_user_id_31a80aff; Type: INDEX; Schema: public; Owner: postgres
--

CREATE INDEX gyms_gymmember_user_id_31a80aff ON public.gyms_gymmember USING btree (user_id);


--
-- Name: gyms_pt_member_id_260e6a06; Type: INDEX; Schema: public; Owner: postgres
--

CREATE INDEX gyms_pt_member_id_260e6a06 ON public.gyms_pt USING btree (member_id);


--
-- Name: gyms_pt_trainer_id_5db9dfda; Type: INDEX; Schema: public; Owner: postgres
--

CREATE INDEX gyms_pt_trainer_id_5db9dfda ON public.gyms_pt USING btree (trainer_id);


--
-- Name: gyms_trainer_gym_id_cdc12ce1; Type: INDEX; Schema: public; Owner: postgres
--

CREATE INDEX gyms_trainer_gym_id_cdc12ce1 ON public.gyms_trainer USING btree (gym_id);


--
-- Name: gyms_trainer_owner_id_7573d3b9; Type: INDEX; Schema: public; Owner: postgres
--

CREATE INDEX gyms_trainer_owner_id_7573d3b9 ON public.gyms_trainer USING btree (owner_id);


--
-- Name: visitlogs_visitlog_member_id_1121388d; Type: INDEX; Schema: public; Owner: postgres
--

CREATE INDEX visitlogs_visitlog_member_id_1121388d ON public.visitlogs_visitlog USING btree (member_id);


--
-- Name: account_customuser_groups account_customuser_g_customuser_id_b6c60904_fk_account_c; Type: FK CONSTRAINT; Schema: public; Owner: postgres
--

ALTER TABLE ONLY public.account_customuser_groups
    ADD CONSTRAINT account_customuser_g_customuser_id_b6c60904_fk_account_c FOREIGN KEY (customuser_id) REFERENCES public.account_customuser("user") DEFERRABLE INITIALLY DEFERRED;


--
-- Name: account_customuser_groups account_customuser_groups_group_id_2be9f6d7_fk_auth_group_id; Type: FK CONSTRAINT; Schema: public; Owner: postgres
--

ALTER TABLE ONLY public.account_customuser_groups
    ADD CONSTRAINT account_customuser_groups_group_id_2be9f6d7_fk_auth_group_id FOREIGN KEY (group_id) REFERENCES public.auth_group(id) DEFERRABLE INITIALLY DEFERRED;


--
-- Name: account_customuser_user_permissions account_customuser_u_customuser_id_03bcc114_fk_account_c; Type: FK CONSTRAINT; Schema: public; Owner: postgres
--

ALTER TABLE ONLY public.account_customuser_user_permissions
    ADD CONSTRAINT account_customuser_u_customuser_id_03bcc114_fk_account_c FOREIGN KEY (customuser_id) REFERENCES public.account_customuser("user") DEFERRABLE INITIALLY DEFERRED;


--
-- Name: account_customuser_user_permissions account_customuser_u_permission_id_f4aec423_fk_auth_perm; Type: FK CONSTRAINT; Schema: public; Owner: postgres
--

ALTER TABLE ONLY public.account_customuser_user_permissions
    ADD CONSTRAINT account_customuser_u_permission_id_f4aec423_fk_auth_perm FOREIGN KEY (permission_id) REFERENCES public.auth_permission(id) DEFERRABLE INITIALLY DEFERRED;


--
-- Name: auth_group_permissions auth_group_permissio_permission_id_84c5c92e_fk_auth_perm; Type: FK CONSTRAINT; Schema: public; Owner: postgres
--

ALTER TABLE ONLY public.auth_group_permissions
    ADD CONSTRAINT auth_group_permissio_permission_id_84c5c92e_fk_auth_perm FOREIGN KEY (permission_id) REFERENCES public.auth_permission(id) DEFERRABLE INITIALLY DEFERRED;


--
-- Name: auth_group_permissions auth_group_permissions_group_id_b120cbf9_fk_auth_group_id; Type: FK CONSTRAINT; Schema: public; Owner: postgres
--

ALTER TABLE ONLY public.auth_group_permissions
    ADD CONSTRAINT auth_group_permissions_group_id_b120cbf9_fk_auth_group_id FOREIGN KEY (group_id) REFERENCES public.auth_group(id) DEFERRABLE INITIALLY DEFERRED;


--
-- Name: auth_permission auth_permission_content_type_id_2f476e4b_fk_django_co; Type: FK CONSTRAINT; Schema: public; Owner: postgres
--

ALTER TABLE ONLY public.auth_permission
    ADD CONSTRAINT auth_permission_content_type_id_2f476e4b_fk_django_co FOREIGN KEY (content_type_id) REFERENCES public.django_content_type(id) DEFERRABLE INITIALLY DEFERRED;


--
-- Name: chat_chatroom chat_chatroom_user1_id_8058b223_fk_account_customuser_user; Type: FK CONSTRAINT; Schema: public; Owner: postgres
--

ALTER TABLE ONLY public.chat_chatroom
    ADD CONSTRAINT chat_chatroom_user1_id_8058b223_fk_account_customuser_user FOREIGN KEY (user1_id) REFERENCES public.account_customuser("user") DEFERRABLE INITIALLY DEFERRED;


--
-- Name: chat_chatroom chat_chatroom_user2_id_72f3f217_fk_account_customuser_user; Type: FK CONSTRAINT; Schema: public; Owner: postgres
--

ALTER TABLE ONLY public.chat_chatroom
    ADD CONSTRAINT chat_chatroom_user2_id_72f3f217_fk_account_customuser_user FOREIGN KEY (user2_id) REFERENCES public.account_customuser("user") DEFERRABLE INITIALLY DEFERRED;


--
-- Name: chat_message chat_message_chatroom_id_15b7e6f3_fk_chat_chatroom_chatroom_id; Type: FK CONSTRAINT; Schema: public; Owner: postgres
--

ALTER TABLE ONLY public.chat_message
    ADD CONSTRAINT chat_message_chatroom_id_15b7e6f3_fk_chat_chatroom_chatroom_id FOREIGN KEY (chatroom_id) REFERENCES public.chat_chatroom(chatroom_id) DEFERRABLE INITIALLY DEFERRED;


--
-- Name: chat_message chat_message_sender_id_991c686c_fk_account_customuser_user; Type: FK CONSTRAINT; Schema: public; Owner: postgres
--

ALTER TABLE ONLY public.chat_message
    ADD CONSTRAINT chat_message_sender_id_991c686c_fk_account_customuser_user FOREIGN KEY (sender_id) REFERENCES public.account_customuser("user") DEFERRABLE INITIALLY DEFERRED;


--
-- Name: dataanalysis_dataanalysis dataanalysis_dataana_equipment_id_9ed95894_fk_equipment; Type: FK CONSTRAINT; Schema: public; Owner: postgres
--

ALTER TABLE ONLY public.dataanalysis_dataanalysis
    ADD CONSTRAINT dataanalysis_dataana_equipment_id_9ed95894_fk_equipment FOREIGN KEY (equipment_id) REFERENCES public.equipment_equipment(equipment_id) DEFERRABLE INITIALLY DEFERRED;


--
-- Name: dataanalysis_dataanalysis dataanalysis_dataana_member_id_c23c1485_fk_gyms_gymm; Type: FK CONSTRAINT; Schema: public; Owner: postgres
--

ALTER TABLE ONLY public.dataanalysis_dataanalysis
    ADD CONSTRAINT dataanalysis_dataana_member_id_c23c1485_fk_gyms_gymm FOREIGN KEY (member_id) REFERENCES public.gyms_gymmember(member_id) DEFERRABLE INITIALLY DEFERRED;


--
-- Name: dataanalysis_dataanalysis dataanalysis_dataana_user_id_306505e9_fk_account_c; Type: FK CONSTRAINT; Schema: public; Owner: postgres
--

ALTER TABLE ONLY public.dataanalysis_dataanalysis
    ADD CONSTRAINT dataanalysis_dataana_user_id_306505e9_fk_account_c FOREIGN KEY (user_id) REFERENCES public.account_customuser("user") DEFERRABLE INITIALLY DEFERRED;


--
-- Name: django_admin_log django_admin_log_content_type_id_c4bce8eb_fk_django_co; Type: FK CONSTRAINT; Schema: public; Owner: postgres
--

ALTER TABLE ONLY public.django_admin_log
    ADD CONSTRAINT django_admin_log_content_type_id_c4bce8eb_fk_django_co FOREIGN KEY (content_type_id) REFERENCES public.django_content_type(id) DEFERRABLE INITIALLY DEFERRED;


--
-- Name: django_admin_log django_admin_log_user_id_c564eba6_fk_account_customuser_user; Type: FK CONSTRAINT; Schema: public; Owner: postgres
--

ALTER TABLE ONLY public.django_admin_log
    ADD CONSTRAINT django_admin_log_user_id_c564eba6_fk_account_customuser_user FOREIGN KEY (user_id) REFERENCES public.account_customuser("user") DEFERRABLE INITIALLY DEFERRED;


--
-- Name: equipment_equipment equipment_equipment_user_id_31e548e1_fk_account_customuser_user; Type: FK CONSTRAINT; Schema: public; Owner: postgres
--

ALTER TABLE ONLY public.equipment_equipment
    ADD CONSTRAINT equipment_equipment_user_id_31e548e1_fk_account_customuser_user FOREIGN KEY (user_id) REFERENCES public.account_customuser("user") DEFERRABLE INITIALLY DEFERRED;


--
-- Name: equipment_equipmentinuse equipment_equipmenti_equipment_id_640521f1_fk_equipment; Type: FK CONSTRAINT; Schema: public; Owner: postgres
--

ALTER TABLE ONLY public.equipment_equipmentinuse
    ADD CONSTRAINT equipment_equipmenti_equipment_id_640521f1_fk_equipment FOREIGN KEY (equipment_id) REFERENCES public.equipment_equipment(equipment_id) DEFERRABLE INITIALLY DEFERRED;


--
-- Name: equipment_equipmentinuse equipment_equipmenti_user_id_cd508a1a_fk_account_c; Type: FK CONSTRAINT; Schema: public; Owner: postgres
--

ALTER TABLE ONLY public.equipment_equipmentinuse
    ADD CONSTRAINT equipment_equipmenti_user_id_cd508a1a_fk_account_c FOREIGN KEY (user_id) REFERENCES public.account_customuser("user") DEFERRABLE INITIALLY DEFERRED;


--
-- Name: equipment_equipmentreservation equipment_equipmentr_equipment_id_ea77ca46_fk_equipment; Type: FK CONSTRAINT; Schema: public; Owner: postgres
--

ALTER TABLE ONLY public.equipment_equipmentreservation
    ADD CONSTRAINT equipment_equipmentr_equipment_id_ea77ca46_fk_equipment FOREIGN KEY (equipment_id) REFERENCES public.equipment_equipment(equipment_id) DEFERRABLE INITIALLY DEFERRED;


--
-- Name: gyms_gym gyms_gym_owner_id_6b8d289f_fk_gyms_owner_owner_id; Type: FK CONSTRAINT; Schema: public; Owner: postgres
--

ALTER TABLE ONLY public.gyms_gym
    ADD CONSTRAINT gyms_gym_owner_id_6b8d289f_fk_gyms_owner_owner_id FOREIGN KEY (owner_id) REFERENCES public.gyms_owner(owner_id) DEFERRABLE INITIALLY DEFERRED;


--
-- Name: gyms_gymmember gyms_gymmember_gym_id_60fad1de_fk_gyms_gym_gym_id; Type: FK CONSTRAINT; Schema: public; Owner: postgres
--

ALTER TABLE ONLY public.gyms_gymmember
    ADD CONSTRAINT gyms_gymmember_gym_id_60fad1de_fk_gyms_gym_gym_id FOREIGN KEY (gym_id) REFERENCES public.gyms_gym(gym_id) DEFERRABLE INITIALLY DEFERRED;


--
-- Name: gyms_gymmember gyms_gymmember_user_id_31a80aff_fk_account_customuser_user; Type: FK CONSTRAINT; Schema: public; Owner: postgres
--

ALTER TABLE ONLY public.gyms_gymmember
    ADD CONSTRAINT gyms_gymmember_user_id_31a80aff_fk_account_customuser_user FOREIGN KEY (user_id) REFERENCES public.account_customuser("user") DEFERRABLE INITIALLY DEFERRED;


--
-- Name: gyms_personalinfo gyms_personalinfo_gym_member_if_id_1025c54e_fk_gyms_gymm; Type: FK CONSTRAINT; Schema: public; Owner: postgres
--

ALTER TABLE ONLY public.gyms_personalinfo
    ADD CONSTRAINT gyms_personalinfo_gym_member_if_id_1025c54e_fk_gyms_gymm FOREIGN KEY (gym_member_if_id) REFERENCES public.gyms_gymmember(member_id) DEFERRABLE INITIALLY DEFERRED;


--
-- Name: gyms_pt gyms_pt_member_id_260e6a06_fk_gyms_gymmember_member_id; Type: FK CONSTRAINT; Schema: public; Owner: postgres
--

ALTER TABLE ONLY public.gyms_pt
    ADD CONSTRAINT gyms_pt_member_id_260e6a06_fk_gyms_gymmember_member_id FOREIGN KEY (member_id) REFERENCES public.gyms_gymmember(member_id) DEFERRABLE INITIALLY DEFERRED;


--
-- Name: gyms_pt gyms_pt_trainer_id_5db9dfda_fk_gyms_trainer_trainer_id; Type: FK CONSTRAINT; Schema: public; Owner: postgres
--

ALTER TABLE ONLY public.gyms_pt
    ADD CONSTRAINT gyms_pt_trainer_id_5db9dfda_fk_gyms_trainer_trainer_id FOREIGN KEY (trainer_id) REFERENCES public.gyms_trainer(trainer_id) DEFERRABLE INITIALLY DEFERRED;


--
-- Name: gyms_trainer gyms_trainer_gym_id_cdc12ce1_fk_gyms_gym_gym_id; Type: FK CONSTRAINT; Schema: public; Owner: postgres
--

ALTER TABLE ONLY public.gyms_trainer
    ADD CONSTRAINT gyms_trainer_gym_id_cdc12ce1_fk_gyms_gym_gym_id FOREIGN KEY (gym_id) REFERENCES public.gyms_gym(gym_id) DEFERRABLE INITIALLY DEFERRED;


--
-- Name: gyms_trainer gyms_trainer_owner_id_7573d3b9_fk_gyms_owner_owner_id; Type: FK CONSTRAINT; Schema: public; Owner: postgres
--

ALTER TABLE ONLY public.gyms_trainer
    ADD CONSTRAINT gyms_trainer_owner_id_7573d3b9_fk_gyms_owner_owner_id FOREIGN KEY (owner_id) REFERENCES public.gyms_owner(owner_id) DEFERRABLE INITIALLY DEFERRED;


--
-- Name: visitlogs_visitlog visitlogs_visitlog_member_id_1121388d_fk_gyms_gymm; Type: FK CONSTRAINT; Schema: public; Owner: postgres
--

ALTER TABLE ONLY public.visitlogs_visitlog
    ADD CONSTRAINT visitlogs_visitlog_member_id_1121388d_fk_gyms_gymm FOREIGN KEY (member_id) REFERENCES public.gyms_gymmember(member_id) DEFERRABLE INITIALLY DEFERRED;


--
-- PostgreSQL database dump complete
--

